,Title,Release date,Year,Month,Season,runTime,Genre,MPAA_Rating,is_original,is_franchise,averageRating,numVotes,total_weeks,performance
0,Ghost Stories,1/1/2020,2020,1,Winter,144,Horror anthology,NR,0,0,4.5,6261,0,Streaming-flop
1,A Fall from Grace,1/17/2020,2020,1,Winter,120,Thriller,NR,0,0,5.9,18626,0,Streaming-flop
2,Airplane Mode,1/23/2020,2020,1,Winter,96,Comedy,NR,0,0,5.2,3235,0,Streaming-flop
3,Horse Girl,2/7/2020,2020,2,Winter,104,Psychological drama,R,0,0,6,21793,0,Streaming-flop
4,To All the Boys: P.S. I Still Love You,2/12/2020,2020,2,Winter,102,Teen romantic comedy,PG-13,0,1,6.1,53000,0,Streaming-flop
5,Isi & Ossi,2/14/2020,2020,2,Winter,113,Romantic comedy,Not Rated,0,0,6.4,11398,0,Streaming-flop
6,The Last Thing He Wanted,2/21/2020,2020,2,Winter,115,Political thriller,R,0,0,4.4,17351,0,Streaming-flop
7,Yeh Ballet,2/21/2020,2020,2,Winter,117,Drama,PG-13,0,0,7.5,1628,0,Streaming-flop
8,All the Bright Places,2/28/2020,2020,2,Winter,108,Teen romance,R,0,0,6.6,44174,0,Streaming-flop
9,Guilty,3/6/2020,2020,3,Spring,119,Thriller drama,Not Rated,0,0,5.4,4961,0,Streaming-flop
10,Spenser Confidential,3/6/2020,2020,3,Spring,111,Action comedy,R,0,0,6.2,105879,0,Streaming-flop
11,Lost Girls,3/13/2020,2020,3,Spring,95,Crime drama,R,0,0,6.2,27143,0,Streaming-flop
12,Ultras,3/20/2020,2020,3,Spring,109,Sports,Not Rated,0,0,6.2,5813,0,Streaming-flop
13,The Occupant,3/25/2020,2020,3,Spring,103,Thriller,R,0,0,6.4,21399,0,Streaming-flop
14,Maska,3/27/2020,2020,3,Spring,111,Romantic comedy,Not Rated,0,0,5.9,1631,0,Streaming-flop
15,The Decline,3/27/2020,2020,3,Spring,83,Action thriller,R,0,0,6,10556,0,Streaming-flop
16,Uncorked,3/27/2020,2020,3,Spring,104,Drama,Not Rated,0,0,6.4,7421,0,Streaming-flop
17,Coffee & Kareem,4/3/2020,2020,4,Spring,88,Action comedy,R,0,0,5.2,15285,0,Streaming-flop
18,The Main Event,4/10/2020,2020,4,Spring,103,Sports comedy,Not Rated,0,0,4.8,2930,0,Streaming-flop
19,Love Wedding Repeat,4/10/2020,2020,4,Spring,100,Romantic comedy,Not Rated,0,0,5.6,23163,0,Streaming-flop
20,Tigertail,4/10/2020,2020,4,Spring,91,Drama,PG,0,0,6.6,3995,0,Streaming-flop
21,Earth and Blood,4/17/2020,2020,4,Spring,80,Action,Not Rated,0,0,5.2,3068,0,Streaming-flop
22,Rising High,4/17/2020,2020,4,Spring,94,Satire drama,Not Rated,0,0,6,6144,0,Streaming-flop
23,Sergio,4/17/2020,2020,4,Spring,118,Biopic,R,0,0,6.2,11933,0,Streaming-flop
24,The Willoughbys,4/22/2020,2020,4,Spring,92,Animated comedy,PG,0,0,6.4,23312,0,Streaming-flop
25,Time to Hunt,4/23/2020,2020,4,Spring,135,Action thriller,Not Rated,0,0,6.3,7670,0,Streaming-flop
26,Extraction,4/24/2020,2020,4,Spring,117,Action,R,1,0,6.8,287546,3,Streaming-flop
27,Dangerous Lies,4/30/2020,2020,4,Spring,97,Thriller,Not Rated,0,0,5.4,19953,0,Streaming-flop
28,Rich in Love,4/30/2020,2020,4,Spring,105,Romantic comedy,,0,0,,,0,Streaming-flop
29,All Day and a Night,5/1/2020,2020,5,Spring,121,Drama,R,0,0,6,4802,0,Streaming-flop
30,Mrs. Serial Killer,5/1/2020,2020,5,Spring,107,Crime,Not Rated,0,0,4,19136,0,Streaming-flop
31,The Half of It,5/1/2020,2020,5,Spring,105,Teen romance,PG-13,0,0,6.9,47033,0,Streaming-flop
32,The Wrong Missy,5/13/2020,2020,5,Spring,90,Black comedy,R,0,0,5.8,50196,0,Streaming-flop
33,The Lovebirds,5/22/2020,2020,5,Spring,87,Romantic comedy,R,0,0,6.1,29043,0,Streaming-flop
34,I'm No Longer Here,5/27/2020,2020,5,Spring,112,Drama,,0,0,,,0,Streaming-flop
35,Intuition,5/28/2020,2020,5,Spring,116,Crime thriller,Not Rated,0,0,5.6,3339,0,Streaming-flop
36,Choked: Paisa Bolta Hai,6/5/2020,2020,6,Summer,114,Drama,,0,0,,,0,Streaming-flop
37,The Last Days of American Crime,6/5/2020,2020,6,Summer,149,Heist thriller,R,0,0,3.8,12917,0,Streaming-flop
38,Da 5 Bloods,6/12/2020,2020,6,Summer,155,War drama,R,0,0,6.5,57349,0,Streaming-flop
39,A Whisker Away,6/18/2020,2020,6,Summer,105,Anime fantasy,PG,0,0,6.7,17691,0,Streaming-flop
40,Feel the Beat,6/19/2020,2020,6,Summer,109,Family / Comedy drama,G,0,0,6.3,15070,0,Streaming-flop
41,Lost Bullet,6/19/2020,2020,6,Summer,93,Action,Not Rated,0,0,6.4,16640,10,Streaming-hit
42,One-Way to Tomorrow,6/19/2020,2020,6,Summer,90,Romantic drama,Not Rated,0,0,5.6,5775,0,Streaming-flop
43,Bulbbul,6/24/2020,2020,6,Summer,94,Horror,Not Rated,0,0,6.6,16354,0,Streaming-flop
44,Nobody Knows I'm Here,6/24/2020,2020,6,Summer,91,Drama,Not Rated,0,0,6.5,5237,0,Streaming-flop
45,Eurovision Song Contest: The Story of Fire Saga,6/26/2020,2020,6,Summer,123,Musical comedy,PG-13,0,0,6.5,108838,0,Streaming-flop
46,Under the Riccione Sun,7/1/2020,2020,7,Summer,102,Romantic teenage drama,Not Rated,0,0,5.6,3494,0,Streaming-flop
47,Desperados,7/3/2020,2020,7,Summer,106,Romantic comedy,Not Rated,0,0,5.2,11605,0,Streaming-flop
48,The Old Guard,7/10/2020,2020,7,Summer,125,Superhero,R,0,0,6.7,208995,3,Streaming-flop
49,The Players,7/15/2020,2020,7,Summer,88,Comedy,R,0,0,4.8,1989,0,Streaming-flop
50,Fatal Affair,7/16/2020,2020,7,Summer,89,Psychological thriller,Not Rated,0,0,4.6,7288,0,Streaming-flop
51,Offering to the Storm,7/24/2020,2020,7,Summer,139,Crime thriller,R,0,0,6.2,8364,0,Streaming-flop
52,The Kissing Booth 2,7/24/2020,2020,7,Summer,132,Teen romantic comedy,PG-13,0,0,5.7,43374,1,Streaming-flop
53,Seriously Single,7/31/2020,2020,7,Summer,107,Comedy,Not Rated,0,0,4.6,1398,0,Streaming-flop
54,Raat Akeli Hai,7/31/2020,2020,7,Summer,149,Thriller,Not Rated,0,0,7.2,22543,0,Streaming-flop
55,Work It,8/7/2020,2020,8,Summer,93,Dance comedy,PG-13,0,0,6.1,17760,0,Streaming-flop
56,Gunjan Saxena: The Kargil Girl,8/12/2020,2020,8,Summer,112,Biographical drama,Not Rated,0,0,5.6,36226,0,Streaming-flop
57,Project Power,8/14/2020,2020,8,Summer,113,Superhero,R,0,0,6,103227,0,Streaming-flop
58,Fearless,8/14/2020,2020,8,Summer,91,Animation / Superhero,PG,0,0,5,2100,0,Streaming-flop
59,Crazy Awesome Teachers,8/17/2020,2020,8,Summer,101,Comedy drama,Not Rated,0,0,6.2,611,0,Streaming-flop
60,The Crimes That Bind,8/20/2020,2020,8,Summer,99,Crime drama,Not Rated,0,0,6.7,4872,0,Streaming-flop
61,The Sleepover,8/21/2020,2020,8,Summer,103,Action comedy,PG-13,0,0,5.7,13288,0,Streaming-flop
62,Class of '83,8/21/2020,2020,8,Summer,98,Crime / Drama,Not Rated,0,0,5.8,6214,0,Streaming-flop
63,Dark Forces,8/21/2020,2020,8,Summer,81,Thriller,Not Rated,0,0,2.8,765,0,Streaming-flop
64,All Together Now,8/28/2020,2020,8,Summer,93,Drama,PG,0,0,6.5,5443,0,Streaming-flop
65,Unknown Origins,8/28/2020,2020,8,Summer,96,Thriller,Not Rated,0,0,6.1,8022,0,Streaming-flop
66,Freaks – You're One of Us,9/2/2020,2020,9,Fall/Autumn,92,Supernatural drama,,0,0,,,1,Streaming-flop
67,"Love, Guaranteed",9/3/2020,2020,9,Fall/Autumn,91,Romantic comedy,PG,0,0,5.6,20295,0,Streaming-flop
68,I'm Thinking of Ending Things,9/4/2020,2020,9,Fall/Autumn,134,Psychological thriller,R,0,0,6.5,109074,0,Streaming-flop
69,The Babysitter: Killer Queen,9/10/2020,2020,9,Fall/Autumn,102,Comedy / Horror,R,0,1,5.8,59268,0,Streaming-flop
70,Dad Wanted,9/11/2020,2020,9,Fall/Autumn,103,Family,Not Rated,0,0,5.8,1261,0,Streaming-flop
71,The Devil All The Time,9/16/2020,2020,9,Fall/Autumn,138,Psychological thriller,R,0,0,7.1,167814,0,Streaming-flop
72,The Paramedic,9/16/2020,2020,9,Fall/Autumn,94,Thriller,Not Rated,0,0,5.7,16148,0,Streaming-flop
73,Dolly Kitty Aur Woh Chamakte Sitare,9/18/2020,2020,9,Fall/Autumn,120,Drama,,0,0,,,0,Streaming-flop
74,Whipped,9/18/2020,2020,9,Fall/Autumn,97,Romantic comedy,Not Rated,0,0,4.2,702,0,Streaming-flop
75,The Boys in the Band,9/30/2020,2020,9,Fall/Autumn,122,Drama,R,0,0,6.8,19396,0,Streaming-flop
76,All Because of You,10/1/2020,2020,10,Fall/Autumn,101,Action comedy,Not Rated,0,0,4.1,297,0,Streaming-flop
77,Òlòtūré,10/2/2020,2020,10,Fall/Autumn,106,Crime drama,,0,0,,,0,Streaming-flop
78,Serious Men,10/2/2020,2020,10,Fall/Autumn,114,Comedy drama,Not Rated,0,0,6.8,8637,0,Streaming-flop
79,The Binding,10/2/2020,2020,10,Fall/Autumn,93,Horror,Not Rated,0,0,4.8,5192,0,Streaming-flop
80,Vampires vs. the Bronx,10/2/2020,2020,10,Fall/Autumn,85,Horror comedy,PG-13,0,0,5.7,11946,0,Streaming-flop
81,You've Got This,10/2/2020,2020,10,Fall/Autumn,111,Romantic comedy,Not Rated,0,0,5.9,1574,0,Streaming-flop
82,Hubie Halloween,10/7/2020,2020,10,Fall/Autumn,103,Comedy,PG-13,0,0,5.3,67752,1,Streaming-flop
83,Ginny Weds Sunny,10/9/2020,2020,10,Fall/Autumn,125,Romantic comedy,Not Rated,0,0,5.7,6004,0,Streaming-flop
84,The Forty-Year-Old Version,10/9/2020,2020,10,Fall/Autumn,124,Comedy drama,R,0,0,7.2,5781,0,Streaming-flop
85,A Babysitter's Guide to Monster Hunting,10/15/2020,2020,10,Fall/Autumn,98,Comedy / Fantasy / Family,PG,0,0,5.4,5377,0,Streaming-flop
86,Love Like the Falling Rain,10/15/2020,2020,10,Fall/Autumn,86,Teen romantic drama,Not Rated,0,0,4.8,250,0,Streaming-flop
87,The Trial of the Chicago 7,10/16/2020,2020,10,Fall/Autumn,130,Historical legal drama,R,0,0,7.7,204413,0,Streaming-flop
88,Rebecca,10/21/2020,2020,10,Fall/Autumn,123,Romantic thriller,PG-13,1,1,6.1,50120,0,Streaming-flop
89,Cadaver,10/22/2020,2020,10,Fall/Autumn,86,Horror,Not Rated,0,0,5.2,13446,0,Streaming-flop
90,Over the Moon,10/23/2020,2020,10,Fall/Autumn,100,CGI animation musical fantasy,PG,0,0,6.3,26847,0,Streaming-flop
91,Holidate,10/28/2020,2020,10,Fall/Autumn,104,Christmas romantic comedy,Not Rated,0,0,6.2,87585,0,Streaming-flop
92,Nobody Sleeps in the Woods Tonight,10/28/2020,2020,10,Fall/Autumn,103,Horror,Not Rated,0,0,4.9,15952,1,Streaming-flop
93,His House,10/30/2020,2020,10,Fall/Autumn,93,Thriller,NR,0,0,6.4,54202,0,Streaming-flop
94,Kaali Khuhi,10/30/2020,2020,10,Fall/Autumn,90,Horror,Not Rated,0,0,3.7,1521,0,Streaming-flop
95,Rogue City,10/30/2020,2020,10,Fall/Autumn,116,Crime,PG-13,0,0,6.1,10719,2,Streaming-flop
96,The Day of the Lord,10/30/2020,2020,10,Fall/Autumn,93,Horror,,0,0,,,0,Streaming-flop
97,Operation Christmas Drop,11/5/2020,2020,11,Fall/Autumn,96,Christmas romantic comedy,Not Rated,0,0,5.9,13997,0,Streaming-flop
98,Citation,11/6/2020,2020,11,Fall/Autumn,151,Drama,Not Rated,0,0,6.1,1123,0,Streaming-flop
99,What We Wanted,11/11/2020,2020,11,Fall/Autumn,93,Drama,Not Rated,0,0,5.9,2186,0,Streaming-flop
100,Ludo,11/12/2020,2020,11,Fall/Autumn,150,Anthology / Dark comedy,PG-13,0,0,7.6,45974,0,Streaming-flop
101,Jingle Jangle: A Christmas Journey,11/13/2020,2020,11,Fall/Autumn,119,Family / Christmas musical,PG,0,0,6.4,22138,0,Streaming-flop
102,The Life Ahead,11/13/2020,2020,11,Fall/Autumn,95,Drama,PG-13,1,1,6.8,16367,0,Streaming-flop
103,The Princess Switch: Switched Again,11/19/2020,2020,11,Fall/Autumn,97,Christmas romantic comedy,G,0,1,5.5,15141,0,Streaming-flop
104,Christmas on the Square,11/22/2020,2020,11,Fall/Autumn,98,Christmas musical,PG,0,0,5.2,3321,0,Streaming-flop
105,Hillbilly Elegy,11/24/2020,2020,11,Fall/Autumn,117,Drama,R,0,0,6.7,60682,2,Streaming-flop
106,Notes for My Son,11/24/2020,2020,11,Fall/Autumn,83,Drama,R,0,0,6.5,1106,0,Streaming-flop
107,The Christmas Chronicles: Part Two,11/25/2020,2020,11,Fall/Autumn,115,Christmas comedy,PG,0,1,6,40778,4,Streaming-hit
108,The Beast,11/27/2020,2020,11,Fall/Autumn,99,Action thriller,Not Rated,0,0,5.2,5177,1,Streaming-flop
109,The Call,11/27/2020,2020,11,Fall/Autumn,112,Psychological thriller,NR,1,1,7.1,52239,1,Streaming-flop
110,Finding Agnes,11/30/2020,2020,11,Fall/Autumn,105,Drama,Not Rated,0,0,5,238,0,Streaming-flop
111,Just Another Christmas,12/3/2020,2020,12,Winter,101,Christmas comedy,Not Rated,0,0,6.7,6308,0,Streaming-flop
112,Christmas Crossfire,12/4/2020,2020,12,Winter,106,Christmas thriller,Not Rated,0,0,4.8,1738,0,Streaming-flop
113,Leyla Everlasting,12/4/2020,2020,12,Winter,112,Comedy,Not Rated,0,0,3.7,8296,0,Streaming-flop
114,Mank,12/4/2020,2020,12,Winter,132,Biopic,R,0,0,6.8,103831,0,Streaming-flop
115,The Claus Family,12/7/2020,2020,12,Winter,97,Christmas fantasy,Not Rated,0,0,5.6,3517,6,Streaming-hit
116,Rose Island,12/9/2020,2020,12,Winter,118,Comedy drama,Not Rated,0,0,7,27450,0,Streaming-flop
117,The Prom,12/11/2020,2020,12,Winter,132,Musical,PG-13,0,0,5.9,30464,0,Streaming-flop
118,A California Christmas,12/14/2020,2020,12,Winter,107,Christmas romantic comedy,PG-13,0,0,5.9,12437,0,Streaming-flop
119,Ma Rainey's Black Bottom,12/18/2020,2020,12,Winter,94,Drama,R,1,0,6.9,77172,0,Streaming-flop
120,The Midnight Sky,12/23/2020,2020,12,Winter,118,Science fiction,PG-13,0,0,5.7,93957,0,Streaming-flop
121,AK vs AK,12/24/2020,2020,12,Winter,109,Black comedy thriller,Not Rated,0,0,6.9,15785,0,Streaming-flop
122,We Can Be Heroes,12/25/2020,2020,12,Winter,100,Superhero,PG,0,0,4.7,19374,0,Streaming-flop
123,What Happened to Mr. Cha?,1/1/2021,2021,1,Winter,102,Comedy,NR,0,0,4.4,423,0,Streaming-flop
124,Pieces of a Woman,1/7/2021,2021,1,Winter,126,Drama,,0,0,,,0,Streaming-flop
125,Stuck Apart,1/8/2021,2021,1,Winter,96,Drama,R,0,0,6,11847,0,Streaming-flop
126,The Heartbreak Club,1/14/2021,2021,1,Winter,101,Comedy drama,NR,0,0,6.3,243,0,Streaming-flop
127,Double Dad,1/15/2021,2021,1,Winter,105,Comedy drama,NR,0,0,5.7,1654,0,Streaming-flop
128,Outside the Wire,1/15/2021,2021,1,Winter,115,Action / science fiction,R,0,0,5.4,48182,0,Streaming-flop
129,Tribhanga – Tedhi Medhi Crazy,1/15/2021,2021,1,Winter,95,Drama,,0,0,,,0,Streaming-flop
130,The White Tiger,1/22/2021,2021,1,Winter,125,Drama,R,0,0,7.1,69488,0,Streaming-flop
131,June & Kopi,1/28/2021,2021,1,Winter,90,Drama,,0,0,,,0,Streaming-flop
132,Finding ʻOhana,1/29/2021,2021,1,Winter,123,Family,,0,0,,,0,Streaming-flop
133,The Dig,1/29/2021,2021,1,Winter,112,Drama,PG-13,0,0,7.1,88903,0,Streaming-flop
134,Below Zero,1/29/2021,2021,1,Winter,106,Drama,R,0,0,6.2,22830,0,Streaming-flop
135,The Last Paradiso,2/5/2021,2021,2,Winter,107,Romantic drama,,0,0,,,0,Streaming-flop
136,Malcolm & Marie,2/5/2021,2021,2,Winter,106,Romantic drama,R,0,0,6.6,43258,0,Streaming-flop
137,Space Sweepers,2/5/2021,2021,2,Winter,136,Science fiction,R,0,0,6.5,30938,0,Streaming-flop
138,The Misadventures of Hedi and Cokeman,2/10/2021,2021,2,Winter,99,Comedy,NR,0,0,4.5,838,0,Streaming-flop
139,Red Dot,2/11/2021,2021,2,Winter,86,Thriller,NR,0,0,5.5,15814,0,Streaming-flop
140,Squared Love,2/11/2021,2021,2,Winter,102,Romantic comedy,NR,0,0,5.1,4073,0,Streaming-flop
141,To All the Boys: Always and Forever,2/12/2021,2021,2,Winter,115,Romantic comedy,PG-13,0,0,6.3,39005,0,Streaming-flop
142,Geez & Ann,2/25/2021,2021,2,Winter,105,Romantic drama,PG,0,0,5.2,367,0,Streaming-flop
143,Crazy About Her,2/26/2021,2021,2,Winter,102,Romantic comedy,Not Rated,0,0,6.6,6906,0,Streaming-flop
144,The Girl on the Train,2/26/2021,2021,2,Winter,120,Thriller,Not Rated,1,1,4,15344,0,Streaming-flop
145,Moxie,3/3/2021,2021,3,Spring,111,Drama,PG-13,0,0,6.7,30503,0,Streaming-flop
146,Sentinelle,3/5/2021,2021,3,Spring,80,Action,NR,0,0,4.8,9164,0,Streaming-flop
147,Yes Day,3/12/2021,2021,3,Spring,89,Comedy,PG,0,0,5.7,34559,0,Streaming-flop
148,Paper Lives,3/12/2021,2021,3,Spring,97,Drama,NR,0,0,6.6,14922,0,Streaming-flop
149,Get the Goat,3/18/2021,2021,3,Spring,98,Comedy,NR,0,0,6,2174,0,Streaming-flop
150,Caught by a Wave,3/25/2021,2021,3,Spring,99,Romantic teen drama,NR,0,0,5.8,1685,0,Streaming-flop
151,A Week Away,3/26/2021,2021,3,Spring,97,Christian musical,NR,0,0,5.8,5990,0,Streaming-flop
152,Bad Trip,3/26/2021,2021,3,Spring,86,Hidden-camera prank comedy,R,0,0,6.5,28930,0,Streaming-flop
153,Pagglait,3/26/2021,2021,3,Spring,114,Comedy drama,NR,0,0,6.9,11949,0,Streaming-flop
154,Tersanjung the Movie,4/1/2021,2021,4,Spring,114,Drama,,0,0,,,0,Streaming-flop
155,Concrete Cowboy,4/2/2021,2021,4,Spring,111,Drama,,0,0,,,0,Streaming-flop
156,Just Say Yes,4/2/2021,2021,4,Spring,97,Romantic comedy,NR,0,0,4.6,2247,0,Streaming-flop
157,Madame Claude,4/2/2021,2021,4,Spring,112,Drama,NR,0,0,5.5,4420,0,Streaming-flop
158,Have You Ever Seen Fireflies?,4/9/2021,2021,4,Spring,114,Comedy,NR,0,0,6.2,5991,0,Streaming-flop
159,Night in Paradise,4/9/2021,2021,4,Spring,132,Drama,,0,0,,,0,Streaming-flop
160,Thunder Force,4/9/2021,2021,4,Spring,107,Superhero comedy,PG-13,0,0,4.6,48257,0,Streaming-flop
161,Prime Time,4/14/2021,2021,4,Spring,92,Thriller,R,0,0,5.2,2083,1,Streaming-flop
162,Ride or Die,4/15/2021,2021,4,Spring,142,Psychological thriller drama,R,0,0,5.6,3001,0,Streaming-flop
163,Ajeeb Daastaans,4/16/2021,2021,4,Spring,142,Drama,NR,0,0,6.7,7187,0,Streaming-flop
164,Get the Grift,4/28/2021,2021,4,Spring,95,Comedy,NR,0,0,5.4,932,0,Streaming-flop
165,Things Heard & Seen,4/29/2021,2021,4,Spring,121,Horror,NR,0,0,5.3,40218,0,Streaming-flop
166,The Disciple,4/30/2021,2021,4,Spring,128,Drama,,0,0,,,0,Streaming-flop
167,Milestone,5/7/2021,2021,5,Spring,97,Drama,,0,0,,,0,Streaming-flop
168,Monster,5/7/2021,2021,5,Spring,99,Drama,,0,0,,,2,Streaming-flop
169,Oxygen,5/12/2021,2021,5,Spring,101,Science fiction thriller,Not Rated,0,0,6.5,47900,0,Streaming-flop
170,Ferry,5/14/2021,2021,5,Spring,107,Crime drama,R,0,0,7,15130,1,Streaming-flop
171,I Am All Girls,5/14/2021,2021,5,Spring,107,Thriller,NR,0,0,6,7906,0,Streaming-flop
172,The Woman in the Window,5/14/2021,2021,5,Spring,101,Psychological thriller,R,0,0,5.7,89605,0,Streaming-flop
173,Sardar Ka Grandson,5/18/2021,2021,5,Spring,139,Comedy,NR,0,0,4.3,5505,0,Streaming-flop
174,Army of the Dead,5/21/2021,2021,5,Spring,148,Zombie/heist,R,0,0,5.8,199954,3,Streaming-flop
175,Baggio: The Divine Ponytail,5/26/2021,2021,5,Spring,92,Biopic,NR,0,0,6.1,5646,0,Streaming-flop
176,Ghost Lab,5/26/2021,2021,5,Spring,117,Horror,NR,0,0,5.2,1837,0,Streaming-flop
177,Blue Miracle,5/27/2021,2021,5,Spring,96,Drama,NR,0,0,6.6,8691,0,Streaming-flop
178,Carnaval,6/2/2021,2021,6,Summer,95,Comedy,NR,0,0,4.2,1120,0,Streaming-flop
179,Dancing Queens,6/3/2021,2021,6,Summer,111,Drama,NR,0,0,5.8,2361,0,Streaming-flop
180,Sweet & Sour,6/4/2021,2021,6,Summer,102,Romantic drama,NR,0,0,6.6,4000,0,Streaming-flop
181,Trippin' with the Kandasamys,6/4/2021,2021,6,Summer,93,Comedy,NR,0,0,5.3,479,0,Streaming-flop
182,Xtreme,6/4/2021,2021,6,Summer,112,Action,NR,0,0,5.8,5578,5,Streaming-hit
183,Awake,6/9/2021,2021,6,Summer,97,Science fiction thriller,R,0,0,4.9,28697,0,Streaming-flop
184,Tragic Jungle,6/9/2021,2021,6,Summer,96,Drama,,0,0,,,0,Streaming-flop
185,Skater Girl,6/11/2021,2021,6,Summer,109,Coming-of-age sports drama,PG,0,0,6.7,8272,0,Streaming-flop
186,Ali & Ratu Ratu Queens,6/17/2021,2021,6,Summer,100,Comedy drama,,0,0,,,0,Streaming-flop
187,Jagame Thandhiram,6/18/2021,2021,6,Summer,158,Action thriller,Not Rated,0,0,5.8,13058,0,Streaming-flop
188,Good on Paper,6/23/2021,2021,6,Summer,94,Comedy,R,0,0,5.6,15082,1,Streaming-flop
189,America: The Motion Picture,6/30/2021,2021,6,Summer,98,Animation / comedy / historical fiction,R,0,0,5.6,8001,0,Streaming-flop
190,Fear Street Part 1: 1994,7/2/2021,2021,7,Summer,107,Teen horror / slasher,,0,0,,,5,Streaming-hit
191,The 8th Night,7/2/2021,2021,7,Summer,115,Thriller film,Not Rated,0,0,5.4,5292,3,Streaming-flop
192,Haseen Dillruba,7/2/2021,2021,7,Summer,135,Romantic thriller,R,0,0,6.9,34939,4,Streaming-hit
193,Fear Street Part 2: 1978,7/9/2021,2021,7,Summer,110,Teen horror / slasher,,0,0,,,4,Streaming-hit
194,Last Summer,7/9/2021,2021,7,Summer,101,Romantic drama,Not Rated,0,0,6.2,4209,2,Streaming-flop
195,A Classic Horror Story,7/14/2021,2021,7,Summer,95,Horror,NC-17,0,0,5.7,24556,2,Streaming-flop
196,A Perfect Fit,7/15/2021,2021,7,Summer,112,Romantic comedy / drama,Not Rated,0,0,5.4,792,3,Streaming-flop
197,My Amanda,7/15/2021,2021,7,Summer,89,Romance,Not Rated,0,0,5.9,420,0,Streaming-flop
198,Deep,7/16/2021,2021,7,Summer,101,Science fiction,Not Rated,0,0,5,2053,1,Streaming-flop
199,Fear Street Part 3: 1666,7/16/2021,2021,7,Summer,114,Supernatural horror,,0,0,,,3,Streaming-flop
200,Blood Red Sky,7/23/2021,2021,7,Summer,123,Thriller,Not Rated,0,0,6.1,60080,16,Streaming-hit
201,Bankrolled,7/23/2021,2021,7,Summer,97,Comedy,Not Rated,0,0,4.2,376,0,Streaming-flop
202,Bartkowiak,7/28/2021,2021,7,Summer,91,Action,Not Rated,0,0,5.1,1553,3,Streaming-flop
203,Resort to Love,7/29/2021,2021,7,Summer,101,Romantic comedy,Not Rated,0,0,5.7,7402,4,Streaming-hit
204,The Last Mercenary,7/30/2021,2021,7,Summer,112,Action comedy,Not Rated,0,0,5.3,10404,6,Streaming-hit
205,The Kissing Booth 3,8/11/2021,2021,8,Summer,113,Comedy drama,PG-13,0,1,4.8,26538,3,Streaming-flop
206,Beckett,8/13/2021,2021,8,Summer,110,Action thriller,R,0,0,5.7,30468,2,Streaming-flop
207,Black Island,8/18/2021,2021,8,Summer,104,Thriller,Not Rated,0,0,5.2,3707,3,Streaming-flop
208,The Secret Diary of an Exchange Student,8/18/2021,2021,8,Summer,96,Romantic comedy,Not Rated,0,0,5.5,1202,4,Streaming-hit
209,Sweet Girl,8/20/2021,2021,8,Summer,110,Action,R,0,0,5.5,37965,4,Streaming-hit
210,The Loud House Movie,8/20/2021,2021,8,Summer,87,Animation comedy,G,0,0,6,3454,3,Streaming-flop
211,The Witcher: Nightmare of the Wolf,8/23/2021,2021,8,Summer,83,Animated dark fantasy,R,0,0,7.2,54885,1,Streaming-flop
212,He's All That,8/27/2021,2021,8,Summer,91,Teen romantic comedy,Not Rated,1,1,4.4,32215,3,Streaming-flop
213,Afterlife of the Party,9/2/2021,2021,9,Fall/Autumn,109,Comedy,Not Rated,0,0,5.8,11657,3,Streaming-flop
214,JJ+E,9/8/2021,2021,9,Fall/Autumn,91,Romance,Not Rated,0,0,5.4,2911,2,Streaming-flop
215,Kate,9/10/2021,2021,9,Fall/Autumn,106,Action thriller,R,0,0,6.3,76505,4,Streaming-hit
216,Prey,9/10/2021,2021,9,Fall/Autumn,87,Thriller,Not Rated,0,0,4.4,10282,3,Streaming-flop
217,Nightbooks,9/15/2021,2021,9,Fall/Autumn,100,Fantasy/horror,NR,0,0,5.8,11480,2,Streaming-flop
218,Ankahi Kahaniya,9/17/2021,2021,9,Fall/Autumn,110,Anthology film,Not Rated,0,0,5.6,1070,1,Streaming-flop
219,Confessions of an Invisible Girl,9/22/2021,2021,9,Fall/Autumn,91,Drama,Not Rated,0,0,5.3,1603,5,Streaming-hit
220,Intrusion,9/22/2021,2021,9,Fall/Autumn,93,Thriller,Not Rated,0,0,5.3,24484,2,Streaming-flop
221,The Starling,9/24/2021,2021,9,Fall/Autumn,104,Comedy drama,PG-13,0,0,6.4,16954,2,Streaming-flop
222,Friendzone,9/29/2021,2021,9,Fall/Autumn,88,Romantic comedy,Not Rated,0,0,5.9,4857,5,Streaming-hit
223,No One Gets Out Alive,9/29/2021,2021,9,Fall/Autumn,85,Horror,R,0,0,5.4,24348,1,Streaming-flop
224,Sounds Like Love,9/29/2021,2021,9,Fall/Autumn,110,Romantic comedy,Not Rated,0,0,5.4,3013,2,Streaming-flop
225,Diana: The Musical,10/1/2021,2021,10,Fall/Autumn,117,Musical,,0,0,,,0,Streaming-flop
226,Forever Rich,10/1/2021,2021,10,Fall/Autumn,90,Thriller,R,0,0,5.6,1827,2,Streaming-flop
227,Swallow,10/1/2021,2021,10,Fall/Autumn,128,Drama,Not Rated,0,0,4.1,246,0,Streaming-flop
228,The Guilty,10/1/2021,2021,10,Fall/Autumn,91,Thriller,R,1,1,6.3,173014,4,Streaming-hit
229,There's Someone Inside Your House,10/6/2021,2021,10,Fall/Autumn,96,Slasher,NR,0,0,4.9,22332,2,Streaming-flop
230,Grudge,10/8/2021,2021,10,Fall/Autumn,106,Thriller,Not Rated,0,0,5.5,5216,5,Streaming-hit
231,"My Brother, My Sister",10/8/2021,2021,10,Fall/Autumn,110,Drama,Not Rated,0,0,6.1,1294,3,Streaming-flop
232,Bright: Samurai Soul,10/12/2021,2021,10,Fall/Autumn,80,Anime/fantasy,PG-13,0,0,5.5,1253,0,Streaming-flop
233,Fever Dream,10/13/2021,2021,10,Fall/Autumn,93,Drama,R,0,0,5.4,2686,1,Streaming-flop
234,Operation Hyacinth,10/13/2021,2021,10,Fall/Autumn,112,Drama,Not Rated,0,0,6.8,4984,0,Streaming-flop
235,A World Without,10/14/2021,2021,10,Fall/Autumn,107,Science fiction / teen drama,Not Rated,0,0,3.9,484,0,Streaming-flop
236,The Four of Us,10/15/2021,2021,10,Fall/Autumn,88,Comedy,Not Rated,0,0,5.4,1683,2,Streaming-flop
237,Night Teeth,10/20/2021,2021,10,Fall/Autumn,108,Thriller,R,0,0,5.7,24208,2,Streaming-flop
238,Stuck Together,10/20/2021,2021,10,Fall/Autumn,126,Comedy,Not Rated,0,0,6.3,8439,4,Streaming-hit
239,Little Big Mouth,10/22/2021,2021,10,Fall/Autumn,94,Romantic comedy,Not Rated,0,0,4.3,228,0,Streaming-flop
240,Hypnotic,10/27/2021,2021,10,Fall/Autumn,89,Thriller,Not Rated,0,0,5.3,22061,2,Streaming-flop
241,Nobody Sleeps in the Woods Tonight Part 2,10/27/2021,2021,10,Fall/Autumn,97,Horror,,0,0,,,0,Streaming-flop
242,Army of Thieves,10/29/2021,2021,10,Fall/Autumn,129,Romantic comedy / heist,R,0,0,6.4,97270,4,Streaming-hit
243,The Harder They Fall,11/3/2021,2021,11,Fall/Autumn,139,Western,R,0,0,6.6,77109,3,Streaming-flop
244,Love Hard,11/5/2021,2021,11,Fall/Autumn,106,Romantic comedy,Not Rated,0,0,6.3,68436,5,Streaming-hit
245,Meenakshi Sundareshwar,11/5/2021,2021,11,Fall/Autumn,141,Romantic comedy,Not Rated,0,0,6.6,18995,3,Streaming-flop
246,We Couldn't Become Adults,11/5/2021,2021,11,Fall/Autumn,124,Drama,Not Rated,0,0,6.5,1203,0,Streaming-flop
247,Yara,11/5/2021,2021,11,Fall/Autumn,96,Drama,Not Rated,0,0,6.3,7447,4,Streaming-hit
248,Father Christmas Is Back,11/7/2021,2021,11,Fall/Autumn,105,Comedy,Not Rated,0,0,4.6,8240,1,Streaming-flop
249,Happiness Ever After,11/10/2021,2021,11,Fall/Autumn,99,Romantic drama,R,0,1,4.7,221,0,Streaming-flop
250,Passing,11/10/2021,2021,11,Fall/Autumn,99,Drama,PG-13,0,0,6.6,17588,1,Streaming-flop
251,7 Prisoners,11/11/2021,2021,11,Fall/Autumn,94,Drama,Not Rated,0,0,7.1,10310,2,Streaming-flop
252,Red Notice,11/12/2021,2021,11,Fall/Autumn,117,Action comedy,PG-13,0,0,6.3,351936,14,Streaming-hit
253,Just Short of Perfect,11/18/2021,2021,11,Fall/Autumn,94,Romantic comedy,Not Rated,0,0,5.5,1408,3,Streaming-flop
254,The Princess Switch 3: Romancing the Star,11/18/2021,2021,11,Fall/Autumn,106,Romantic comedy,,0,0,,,2,Streaming-flop
255,Dhamaka,11/19/2021,2021,11,Fall/Autumn,104,Action thriller,Not Rated,1,1,6.7,43940,3,Streaming-flop
256,Love Me Instead,11/19/2021,2021,11,Fall/Autumn,124,Drama,Not Rated,0,0,7,3582,2,Streaming-flop
257,"Tick, Tick... Boom!",11/19/2021,2021,11,Fall/Autumn,115,Musical,PG-13,0,0,7.5,128041,0,Streaming-flop
258,Bruised,11/24/2021,2021,11,Fall/Autumn,132,Drama,,0,0,,,3,Streaming-flop
259,A Castle for Christmas,11/26/2021,2021,11,Fall/Autumn,99,Romantic comedy,G,0,0,5.6,17240,0,Streaming-flop
260,The Power of the Dog,12/1/2021,2021,12,Winter,128,Drama,R,0,0,6.8,221465,3,Streaming-flop
261,Single All the Way,12/2/2021,2021,12,Winter,101,Holiday romantic comedy,Not Rated,0,0,6.2,21789,0,Streaming-flop
262,The Whole Truth,12/2/2021,2021,12,Winter,125,Horror,R,0,0,5.3,5084,5,Streaming-hit
263,Mixtape,12/3/2021,2021,12,Winter,97,Coming-of-age comedy drama,Not Rated,0,0,6.6,4513,0,Streaming-flop
264,David and the Elves,12/6/2021,2021,12,Winter,106,Fantasy,Not Rated,0,0,5.3,1034,3,Streaming-flop
265,The Claus Family 2,12/7/2021,2021,12,Winter,97,Fantasy,Not Rated,0,0,5.6,1240,2,Streaming-flop
266,Asakusa Kid,12/9/2021,2021,12,Winter,123,Drama,Not Rated,0,0,7.2,2007,0,Streaming-flop
267,Anonymously Yours,12/10/2021,2021,12,Winter,101,Romantic comedy,R,0,0,5.8,2776,4,Streaming-hit
268,Back to the Outback,12/10/2021,2021,12,Winter,95,CGI animation comedy,PG,0,0,6.5,12321,7,Streaming-hit
269,The Unforgivable,12/10/2021,2021,12,Winter,114,Drama,R,0,0,7.2,127401,5,Streaming-hit
270,The Hand of God,12/15/2021,2021,12,Winter,130,Drama,R,0,0,7.3,53929,3,Streaming-flop
271,A California Christmas: City Lights,12/16/2021,2021,12,Winter,90,Romantic comedy,,0,0,,,2,Streaming-flop
272,A Naija Christmas,12/16/2021,2021,12,Winter,121,Romantic comedy,Not Rated,0,0,5,499,0,Streaming-flop
273,Grumpy Christmas,12/21/2021,2021,12,Winter,87,Comedy,Not Rated,0,0,4.5,492,1,Streaming-flop
274,1000 Miles from Christmas,12/24/2021,2021,12,Winter,102,Christmas film,Not Rated,0,0,5.9,2321,2,Streaming-flop
275,Don't Look Up,12/24/2021,2021,12,Winter,138,Science fiction comedy,R,0,0,7.1,665319,8,Streaming-hit
276,Minnal Murali,12/24/2021,2021,12,Winter,159,Superhero,,0,0,,,4,Streaming-hit
277,Lulli,12/26/2021,2021,12,Winter,90,Comedy,Not Rated,0,0,4.9,2064,3,Streaming-flop
278,Four to Dinner,1/5/2022,2022,1,Winter,90,Romantic comedy,,0,0,,,2,Streaming-flop
279,The Wasteland,1/6/2022,2022,1,Winter,92,Horror,,0,0,,,2,Streaming-flop
280,How I Fell in Love with a Gangster,1/12/2022,2022,1,Winter,179,Drama,NR,0,0,6.1,3236,5,Streaming-hit
281,Brazen,1/13/2022,2022,1,Winter,96,Romantic thriller,Not Rated,0,0,4.2,14723,3,Streaming-flop
282,Photocopier,1/13/2022,2022,1,Winter,130,Coming-of-age drama,,0,0,,,3,Streaming-flop
283,This Is Not a Comedy,1/14/2022,2022,1,Winter,105,Comedy drama,,0,0,,,0,Streaming-flop
284,The Royal Treatment,1/20/2022,2022,1,Winter,97,Romance,Not Rated,0,0,5.3,12642,3,Streaming-flop
285,Amandla,1/21/2022,2022,1,Winter,106,Drama,Not Rated,0,0,5.6,485,3,Streaming-flop
286,Munich – The Edge of War,1/21/2022,2022,1,Winter,131,Historical drama / thriller,,0,0,,,2,Streaming-flop
287,My Father's Violin,1/21/2022,2022,1,Winter,112,Drama,Not Rated,0,0,6.5,4441,3,Streaming-flop
288,Home Team,1/28/2022,2022,1,Winter,97,Sports comedy,PG,0,0,6,24119,3,Streaming-flop
289,Looop Lapeta,2/4/2022,2022,2,Winter,131,Romantic thriller,R,1,1,5.2,5356,2,Streaming-flop
290,Through My Window,2/4/2022,2022,2,Winter,113,Drama,R,0,0,5.5,24816,18,Streaming-hit
291,The Privilege,2/9/2022,2022,2,Winter,107,Horror,R,0,0,4.7,6790,2,Streaming-flop
292,Into the Wind,2/10/2022,2022,2,Winter,108,Romantic drama,Not Rated,0,0,5.3,1370,2,Streaming-flop
293,Bigbug,2/11/2022,2022,2,Winter,111,Science fiction comedy,,0,0,,,2,Streaming-flop
294,Love and Leashes,2/11/2022,2022,2,Winter,118,Romantic comedy,R,0,0,6.3,7909,2,Streaming-flop
295,Love Tactics,2/11/2022,2022,2,Winter,98,Romantic comedy,Not Rated,0,0,5.4,7080,5,Streaming-hit
296,Tall Girl 2,2/11/2022,2022,2,Winter,101,Teen romantic comedy,Not Rated,0,1,4.7,7612,3,Streaming-flop
297,Fistful of Vengeance,2/17/2022,2022,2,Winter,96,Supernatural martial arts drama,R,0,0,4.5,8083,2,Streaming-flop
298,Texas Chainsaw Massacre,2/18/2022,2022,2,Winter,83,Slasher,R,1,1,4.7,69641,2,Streaming-flop
299,Rabbids Invasion: Mission to Mars,2/18/2022,2022,2,Winter,70,Animation / Comedy,,0,0,,,0,Streaming-flop
300,UFO,2/23/2022,2022,2,Winter,110,Drama,Not Rated,0,0,5.1,2907,2,Streaming-flop
301,A Madea Homecoming,2/25/2022,2022,2,Winter,107,Comedy,,0,0,,,5,Streaming-hit
302,Restless,2/25/2022,2022,2,Winter,96,Action thriller,R,1,1,5.8,5994,5,Streaming-hit
303,Against the Ice,3/2/2022,2022,3,Spring,103,Survival,R,0,0,6.5,31544,0,Streaming-flop
304,The Weekend Away,3/3/2022,2022,3,Spring,91,Thriller,PG-13,0,0,5.7,35694,3,Streaming-flop
305,The Invisible Thread,3/4/2022,2022,3,Spring,90,Comedy drama,,0,0,,,1,Streaming-flop
306,The Adam Project,3/11/2022,2022,3,Spring,106,Science fiction,PG-13,0,0,6.7,255832,8,Streaming-hit
307,Rescued by Ruby,3/17/2022,2022,3,Spring,93,Drama,G,0,0,7.2,13479,3,Streaming-flop
308,Black Crab,3/18/2022,2022,3,Spring,114,Thriller,R,0,0,5.7,28507,9,Streaming-hit
309,Without Saying Goodbye,3/18/2022,2022,3,Spring,96,Romantic comedy,,0,0,,,3,Streaming-flop
310,Windfall,3/18/2022,2022,3,Spring,92,Thriller,R,0,0,5.7,28516,2,Streaming-flop
311,In Good Hands,3/21/2022,2022,3,Spring,104,Romantic comedy,Not Rated,0,0,5.8,4671,7,Streaming-hit
312,Love Like the Falling Petals,3/24/2022,2022,3,Spring,129,Drama,Not Rated,0,0,6.6,1074,1,Streaming-flop
313,All Hail,3/30/2022,2022,3,Spring,118,Drama,Not Rated,0,0,5.6,4440,4,Streaming-hit
314,Apollo 10 1⁄2: A Space Age Childhood,4/1/2022,2022,4,Spring,98,Animation,,0,0,,,0,Streaming-flop
315,Battle: Freestyle,4/1/2022,2022,4,Spring,88,Romantic drama,Not Rated,0,1,4.7,727,1,Streaming-flop
316,The Bubble,4/1/2022,2022,4,Spring,126,Comedy,R,0,1,4.7,30317,2,Streaming-flop
317,Cobalt Blue,4/2/2022,2022,4,Spring,112,Romantic drama,Not Rated,0,0,6.6,2798,0,Streaming-flop
318,Dancing on Glass,4/8/2022,2022,4,Spring,139,Drama,Not Rated,0,0,5.6,1142,1,Streaming-flop
319,Metal Lords,4/8/2022,2022,4,Spring,98,Musical comedy drama,R,0,0,6.7,36487,1,Streaming-flop
320,Yaksha: Ruthless Operations,4/8/2022,2022,4,Spring,125,Spy,Not Rated,0,0,6.3,5248,4,Streaming-hit
321,The Taming of the Shrewd,4/13/2022,2022,4,Spring,112,Comedy,,0,0,,,3,Streaming-flop
322,Choose or Die,4/15/2022,2022,4,Spring,85,Horror,NR,0,0,4.8,28697,2,Streaming-flop
323,Man of God,4/16/2022,2022,4,Spring,111,Drama,Not Rated,0,0,4,227,0,Streaming-flop
324,The Turning Point,4/20/2022,2022,4,Spring,90,Drama,,0,0,,,2,Streaming-flop
325,365 Days: This Day,4/27/2022,2022,4,Spring,111,Erotic thriller,R,0,1,2.7,28005,4,Streaming-hit
326,Silverton Siege,4/27/2022,2022,4,Spring,101,Action thriller,PG-13,0,0,6.3,4803,2,Streaming-flop
327,Bubble,4/28/2022,2022,4,Spring,101,Anime,PG,0,0,6.4,9615,2,Streaming-flop
328,Honeymoon with My Mother,4/29/2022,2022,4,Spring,110,Comedy,,0,0,,,4,Streaming-hit
329,Rumspringa – An Amish in Berlin,4/29/2022,2022,4,Spring,102,Comedy,,0,0,,,0,Streaming-flop
330,Along for the Ride,5/6/2022,2022,5,Spring,107,Drama,Not Rated,0,0,6.2,10601,2,Streaming-flop
331,The Takedown,5/6/2022,2022,5,Spring,121,Action comedy,Not Rated,0,0,5.8,9586,8,Streaming-hit
332,Thar,5/6/2022,2022,5,Spring,108,Western thriller,Not Rated,0,0,6.1,8324,2,Streaming-flop
333,Senior Year,5/13/2022,2022,5,Spring,113,Comedy,R,0,0,5.5,47863,6,Streaming-hit
334,Toscana,5/18/2022,2022,5,Spring,90,Drama,Not Rated,0,0,6.1,84,4,Streaming-hit
335,A Perfect Pairing,5/19/2022,2022,5,Spring,102,Romantic comedy,PG,0,0,6.1,19293,5,Streaming-hit
336,F*ck Love Too,5/20/2022,2022,5,Spring,92,Romantic comedy,Not Rated,0,0,3.9,1522,4,Streaming-hit
337,Godspeed,5/23/2022,2022,5,Spring,119,Drama,Not Rated,0,0,6.5,3721,1,Streaming-flop
338,Interceptor,6/3/2022,2022,6,Summer,98,Action drama,Not Rated,0,0,4.7,29442,3,Streaming-flop
339,Hustle,6/8/2022,2022,6,Summer,118,Sports,R,0,0,7.3,162766,6,Streaming-hit
340,Trees of Peace,6/10/2022,2022,6,Summer,98,Drama,,0,0,,,1,Streaming-flop
341,Centauro,6/15/2022,2022,6,Summer,90,Action thriller,,0,0,,,2,Streaming-flop
342,Heart Parade,6/15/2022,2022,6,Summer,108,Romantic comedy,Not Rated,0,0,5.1,881,3,Streaming-flop
343,The Wrath of God,6/15/2022,2022,6,Summer,98,Thriller,Not Rated,0,0,5.8,5565,3,Streaming-flop
344,Spiderhead,6/17/2022,2022,6,Summer,107,Science fiction action thriller,R,0,0,5.5,72501,3,Streaming-flop
345,Doom of Love,6/20/2022,2022,6,Summer,100,Drama,Not Rated,0,0,4.9,2813,2,Streaming-flop
346,Love & Gelato,6/22/2022,2022,6,Summer,112,Romance,PG-13,0,0,5.2,7332,2,Streaming-flop
347,Blasted,6/28/2022,2022,6,Summer,115,Science fiction / comedy,Not Rated,0,0,4.8,2762,2,Streaming-flop
348,Beauty,6/29/2022,2022,6,Summer,95,Drama,R,0,0,4.2,928,0,Streaming-flop
349,"Hello, Goodbye, and Everything in Between",7/6/2022,2022,7,Summer,84,Romantic comedy,,0,0,,,2,Streaming-flop
350,Dangerous Liaisons,7/8/2022,2022,7,Summer,109,Romantic drama,R,0,0,4.2,2694,4,Streaming-hit
351,Jewel,7/8/2022,2022,7,Summer,80,Drama,R,0,0,3.5,185,0,Streaming-flop
352,The Sea Beast,7/8/2022,2022,7,Summer,119,CGI animation adventure,PG,0,0,7,64752,7,Streaming-hit
353,For Jojo,7/11/2022,2022,7,Summer,90,Drama,R,0,0,4,372,0,Streaming-flop
354,Under the Amalfi Sun,7/13/2022,2022,7,Summer,90,Comedy drama,PG-13,0,0,5.4,1633,2,Streaming-flop
355,Jaadugar,7/15/2022,2022,7,Summer,167,Comedy,Not Rated,0,0,6.8,12225,2,Streaming-flop
356,Persuasion,7/15/2022,2022,7,Summer,109,Drama,PG,0,0,5.8,39938,3,Streaming-flop
357,The Gray Man,7/22/2022,2022,7,Summer,129,Spy thriller,PG-13,0,0,6.5,269903,6,Streaming-hit
358,Recurrence,7/27/2022,2022,7,Summer,116,Thriller,,0,0,,,3,Streaming-flop
359,A Cut Above,7/28/2022,2022,7,Summer,91,Comedy,R,0,0,4.8,227,1,Streaming-flop
360,The Entitled,7/29/2022,2022,7,Summer,90,Romantic comedy,R,0,0,4.1,793,2,Streaming-flop
361,Purple Hearts,7/29/2022,2022,7,Summer,122,Romance,PG-13,0,0,6.7,70218,6,Streaming-hit
362,Buba,8/3/2022,2022,8,Summer,94,Comedy,R,0,0,5.9,3330,1,Streaming-flop
363,Don't Blame Karma!,8/3/2022,2022,8,Summer,85,Romantic comedy,Not Rated,0,0,4.7,973,0,Streaming-flop
364,Wedding Season,8/4/2022,2022,8,Summer,97,Comedy,Not Rated,0,0,6.4,12281,2,Streaming-flop
365,Carter,8/5/2022,2022,8,Summer,134,Action,NC-17,0,0,5.1,10743,4,Streaming-hit
366,Darlings,8/5/2022,2022,8,Summer,134,Comedy drama,Not Rated,0,0,6.7,23231,4,Streaming-hit
367,Rise of the Teenage Mutant Ninja Turtles: The Movie,8/5/2022,2022,8,Summer,82,Animated action-adventure,PG,0,0,6.2,7826,0,Streaming-flop
368,Heartsong,8/10/2022,2022,8,Summer,95,Romantic comedy,Not Rated,0,0,5.8,2314,1,Streaming-flop
369,13: The Musical,8/12/2022,2022,8,Summer,94,Musical,PG,0,0,5.2,1249,0,Streaming-flop
370,Day Shift,8/12/2022,2022,8,Summer,113,Fantasy comedy,R,0,0,6.1,98521,4,Streaming-hit
371,Look Both Ways,8/17/2022,2022,8,Summer,111,Romantic comedy,PG-13,0,0,6.3,26940,3,Streaming-flop
372,Royalteen,8/17/2022,2022,8,Summer,108,Coming-of-age,R,0,0,5.3,3200,3,Streaming-flop
373,The Next 365 Days,8/19/2022,2022,8,Summer,113,Erotic thriller,R,0,0,2.9,12940,3,Streaming-flop
374,That's Amor,8/25/2022,2022,8,Summer,96,Romantic comedy,PG-13,0,0,5.4,4460,2,Streaming-flop
375,Loving Adults,8/26/2022,2022,8,Summer,105,Thriller,Not Rated,0,0,6.5,15952,7,Streaming-hit
376,Me Time,8/26/2022,2022,8,Summer,104,Comedy,R,0,0,5.1,45084,5,Streaming-hit
377,Seoul Vibe,8/26/2022,2022,8,Summer,140,Action,R,0,0,5.5,2469,3,Streaming-flop
378,I Came By,8/31/2022,2022,8,Summer,110,Thriller,R,0,0,6.2,38882,3,Streaming-flop
379,Fenced in,9/1/2022,2022,9,Fall/Autumn,110,Comedy,Not Rated,0,0,4.5,841,0,Streaming-flop
380,Love in the Villa,9/1/2022,2022,9,Fall/Autumn,115,Romantic comedy,Not Rated,0,0,5.5,15129,3,Streaming-flop
381,The Festival of Troubadours,9/2/2022,2022,9,Fall/Autumn,102,Drama,R,0,0,5.8,3452,1,Streaming-flop
382,End of the Road,9/9/2022,2022,9,Fall/Autumn,91,Crime thriller,R,0,0,4.8,9702,3,Streaming-flop
383,No Limit,9/9/2022,2022,9,Fall/Autumn,118,Thriller,Not Rated,0,0,5.8,4465,4,Streaming-hit
384,Broad Peak,9/14/2022,2022,9,Fall/Autumn,102,Thriller,Not Rated,0,0,6,2529,2,Streaming-flop
385,Do Revenge,9/16/2022,2022,9,Fall/Autumn,118,Black comedy,NR,0,0,6.3,56580,3,Streaming-flop
386,Drifting Home,9/16/2022,2022,9,Fall/Autumn,120,Anime,PG,0,0,6.3,5715,3,Streaming-flop
387,I Used to Be Famous,9/16/2022,2022,9,Fall/Autumn,104,Musical drama,R,0,0,6.6,12370,1,Streaming-flop
388,Jogi,9/16/2022,2022,9,Fall/Autumn,116,Drama,Not Rated,0,0,7.1,7273,1,Streaming-flop
389,The Perfumier,9/21/2022,2022,9,Fall/Autumn,96,Crime drama,R,0,0,3.6,1968,2,Streaming-flop
390,A Jazzman's Blues,9/23/2022,2022,9,Fall/Autumn,128,Drama,R,0,0,6.8,4896,2,Streaming-flop
391,Lou,9/23/2022,2022,9,Fall/Autumn,107,Thriller,R,0,0,6.1,38132,3,Streaming-flop
392,Athena,9/23/2022,2022,9,Fall/Autumn,97,Drama,R,0,0,6.8,25339,0,Streaming-flop
393,Blonde,9/28/2022,2022,9,Fall/Autumn,167,Biographical drama,NC-17,0,0,5.4,77983,3,Streaming-flop
394,Aníkúlápó,9/30/2022,2022,9,Fall/Autumn,142,Fantasy drama,,0,0,,,3,Streaming-flop
395,Plan A Plan B,9/30/2022,2022,9,Fall/Autumn,106,Romantic comedy,Not Rated,0,0,4.6,3596,3,Streaming-flop
396,Rainbow,9/30/2022,2022,9,Fall/Autumn,118,Fantasy drama,R,0,0,4.7,1198,0,Streaming-flop
397,Jumping from High Places,10/5/2022,2022,10,Fall/Autumn,88,Drama,PG-13,0,0,5.8,1410,2,Streaming-flop
398,Mr. Harrigan's Phone,10/5/2022,2022,10,Fall/Autumn,106,Horror,PG-13,1,0,6,44006,3,Streaming-flop
399,Togo,10/5/2022,2022,10,Fall/Autumn,95,Thriller,Not Rated,0,0,5.4,737,2,Streaming-flop
400,Doll House,10/7/2022,2022,10,Fall/Autumn,106,Drama,Not Rated,0,0,6.4,602,2,Streaming-flop
401,Luckiest Girl Alive,10/7/2022,2022,10,Fall/Autumn,115,Mystery,R,0,0,6.4,59824,4,Streaming-hit
402,Old People,10/7/2022,2022,10,Fall/Autumn,101,Horror,Not Rated,0,0,5.1,7905,3,Streaming-flop
403,Someone Borrowed,10/11/2022,2022,10,Fall/Autumn,107,Romantic comedy,Not Rated,0,0,5.7,1969,4,Streaming-hit
404,The Curse of Bridge Hollow,10/14/2022,2022,10,Fall/Autumn,91,Comedy,PG-13,0,0,5.6,13985,4,Streaming-hit
405,The School for Good and Evil,10/19/2022,2022,10,Fall/Autumn,148,Children's fantasy,PG-13,0,0,5.9,41592,4,Streaming-hit
406,The Stranger,10/19/2022,2022,10,Fall/Autumn,117,Thriller,R,0,0,6.6,30255,2,Streaming-flop
407,20th Century Girl,10/21/2022,2022,10,Fall/Autumn,121,Romantic,Not Rated,0,0,7.4,14822,4,Streaming-hit
408,Hellhole,10/26/2022,2022,10,Fall/Autumn,90,Horror,R,0,0,5.8,9708,2,Streaming-flop
409,Robbing Mussolini,10/26/2022,2022,10,Fall/Autumn,90,Action comedy,Not Rated,0,0,5.5,2985,2,Streaming-flop
410,The Good Nurse,10/26/2022,2022,10,Fall/Autumn,123,Drama,R,0,0,6.8,89813,4,Streaming-hit
411,Beyond the Universe,10/27/2022,2022,10,Fall/Autumn,127,Romantic drama,R,0,0,6.6,2863,5,Streaming-hit
412,All Quiet on the Western Front,10/28/2022,2022,10,Fall/Autumn,148,War drama,R,0,0,7.8,311513,23,Streaming-hit
413,Cici,10/28/2022,2022,10,Fall/Autumn,151,Drama,,0,0,,,0,Streaming-flop
414,Wendell & Wild,10/28/2022,2022,10,Fall/Autumn,106,Stop motion fantasy horror comedy,PG-13,0,0,6.4,14790,0,Streaming-flop
415,Wild Is the Wind,10/28/2022,2022,10,Fall/Autumn,123,Crime drama,Not Rated,0,0,5.6,1847,2,Streaming-flop
416,The Takeover,11/1/2022,2022,11,Fall/Autumn,88,Action / thriller,Not Rated,0,0,5.8,34,3,Streaming-flop
417,The Soccer Football Movie,11/9/2022,2022,11,Fall/Autumn,73,CGI animation sports comedy,PG,0,0,3.1,1454,0,Streaming-flop
418,Falling for Christmas,11/10/2022,2022,11,Fall/Autumn,95,Romantic comedy,PG,0,0,5.3,33783,7,Streaming-hit
419,Lost Bullet 2: Back for More,11/10/2022,2022,11,Fall/Autumn,100,Action,R,0,1,6.3,7095,0,Streaming-flop
420,Don't Leave,11/11/2022,2022,11,Fall/Autumn,107,Drama,R,0,0,5.2,2173,2,Streaming-flop
421,"Monica, O My Darling",11/11/2022,2022,11,Fall/Autumn,130,Neo-noir comedy thriller,R,0,0,7.4,23961,2,Streaming-flop
422,My Father's Dragon,11/11/2022,2022,11,Fall/Autumn,103,Animated fantasy adventure,PG,0,0,6.5,4123,0,Streaming-flop
423,The Lost Lotteries,11/16/2022,2022,11,Fall/Autumn,106,Comedy,Not Rated,0,0,5.5,431,0,Streaming-flop
424,The Wonder,11/16/2022,2022,11,Fall/Autumn,109,Psychological drama,R,0,0,6.6,49098,2,Streaming-flop
425,Christmas with You,11/17/2022,2022,11,Fall/Autumn,90,Romantic comedy,PG,0,0,5.6,8624,2,Streaming-flop
426,Slumberland,11/18/2022,2022,11,Fall/Autumn,120,Fantasy adventure,PG,1,1,6.7,35782,4,Streaming-hit
427,Christmas on Mistletoe Farm,11/23/2022,2022,11,Fall/Autumn,103,Comedy,G,0,0,4.5,2269,2,Streaming-flop
428,Lesson Plan,11/23/2022,2022,11,Fall/Autumn,99,Crime drama,Not Rated,0,0,5,2313,3,Streaming-flop
429,The Swimmers,11/23/2022,2022,11,Fall/Autumn,135,Drama,PG-13,0,0,7.4,40149,3,Streaming-flop
430,Who's a Good Boy?,11/23/2022,2022,11,Fall/Autumn,95,Comedy,R,0,0,4.7,885,2,Streaming-flop
431,The Noel Diary,11/24/2022,2022,11,Fall/Autumn,100,Drama,PG,0,0,6.2,22216,4,Streaming-hit
432,A Man of Action,11/30/2022,2022,11,Fall/Autumn,111,Biopic,Not Rated,0,0,6.4,3841,2,Streaming-flop
433,Christmas Full of Grace,11/30/2022,2022,11,Fall/Autumn,105,Romantic comedy,R,0,0,4.6,936,2,Streaming-flop
434,My Name Is Vendetta,11/30/2022,2022,11,Fall/Autumn,90,Thriller,R,0,0,5.6,6918,11,Streaming-hit
435,Qala,12/1/2022,2022,12,Winter,119,Drama,Not Rated,0,0,7.2,8476,0,Streaming-flop
436,Troll,12/1/2022,2022,12,Winter,103,Monster,PG-13,0,0,5.8,58319,15,Streaming-hit
437,Lady Chatterley's Lover,12/2/2022,2022,12,Winter,127,Romantic drama,R,0,0,6.6,27312,3,Streaming-flop
438,Scrooge: A Christmas Carol,12/2/2022,2022,12,Winter,101,CGI animation musical fantasy comedy drama,G,1,1,6.2,9194,3,Streaming-flop
439,Delivery by Christmas,12/6/2022,2022,12,Winter,100,Romantic comedy,Not Rated,0,0,5.6,1119,2,Streaming-flop
440,Burning Patience,12/7/2022,2022,12,Winter,90,Drama,,0,0,6,409,0,Streaming-flop
441,The Marriage App,12/7/2022,2022,12,Winter,101,Drama,R,0,0,5.5,2341,2,Streaming-flop
442,The Claus Family 3,12/8/2022,2022,12,Winter,73,Fantasy,Not Rated,0,1,4.6,873,2,Streaming-flop
443,Guillermo del Toro's Pinocchio,12/9/2022,2022,12,Winter,116,Stop motion fantasy musical drama,PG,0,0,7.6,143117,0,Streaming-flop
444,I Believe in Santa,12/14/2022,2022,12,Winter,90,Romantic comedy,PG,0,0,4.6,4945,2,Streaming-flop
445,The Big 4,12/15/2022,2022,12,Winter,141,Action comedy,Not Rated,0,0,6.1,4492,3,Streaming-flop
446,"Bardo, False Chronicle of a Handful of Truths",12/16/2022,2022,12,Winter,159,Comedy,,0,0,,,0,Streaming-flop
447,Private Lesson,12/16/2022,2022,12,Winter,89,Romantic comedy,R,0,0,4.8,2384,2,Streaming-flop
448,A Not So Merry Christmas,12/20/2022,2022,12,Winter,100,Comedy,PG-13,1,1,4.8,1185,2,Streaming-flop
449,Glass Onion: A Knives Out Mystery,12/23/2022,2022,12,Winter,139,Murder mystery,,0,0,,,7,Streaming-hit
450,A Night at the Kindergarten,12/28/2022,2022,12,Winter,97,Black comedy,Not Rated,0,0,5.7,749,0,Streaming-flop
451,White Noise,12/30/2022,2022,12,Winter,136,Black comedy,R,0,0,5.7,47491,2,Streaming-flop
452,The Pale Blue Eye,1/6/2023,2023,1,Winter,130,Historical thriller drama,,0,0,,,4,Streaming-hit
453,Noise,1/11/2023,2023,1,Winter,105,Drama,,0,0,,,2,Streaming-flop
454,Dog Gone,1/13/2023,2023,1,Winter,95,Family drama,PG,0,0,6.1,7094,3,Streaming-flop
455,Disconnect: The Wedding Planner,1/13/2023,2023,1,Winter,107,Romantic comedy,,0,0,,,1,Streaming-flop
456,Alkhallat+,1/19/2023,2023,1,Winter,117,Satirical thriller,,0,0,,,1,Streaming-flop
457,Jung E,1/20/2023,2023,1,Winter,99,Sci-fi action / adventure,,0,0,,,0,Streaming-flop
458,Mission Majnu,1/20/2023,2023,1,Winter,129,Spy thriller,Not Rated,0,0,6.9,45541,3,Streaming-flop
459,The Price of Family,1/25/2023,2023,1,Winter,90,Comedy,,0,0,,,2,Streaming-flop
460,You People,1/27/2023,2023,1,Winter,118,Comedy,R,0,0,5.5,66984,4,Streaming-hit
461,True Spirit,2/3/2023,2023,2,Winter,109,Biopic,PG,0,0,6.8,12168,3,Streaming-flop
462,Infiesto,2/3/2023,2023,2,Winter,96,Thriller,R,0,0,5.6,5548,3,Streaming-flop
463,Dear David,2/9/2023,2023,2,Winter,118,Coming-of-age romantic drama,PG-13,0,0,5.7,1083,0,Streaming-flop
464,Your Place or Mine,2/10/2023,2023,2,Winter,111,Romantic comedy,PG-13,0,0,5.7,44259,4,Streaming-hit
465,Squared Love All Over Again,2/13/2023,2023,2,Winter,100,Romantic comedy,Not Rated,0,0,4.7,842,2,Streaming-flop
466,All the Places,2/14/2023,2023,2,Winter,97,Comedy drama,Not Rated,0,0,5.6,443,2,Streaming-flop
467,Unlocked,2/17/2023,2023,2,Winter,117,Thriller,Not Rated,1,1,6.4,13846,4,Streaming-hit
468,The Strays,2/22/2023,2023,2,Winter,97,Drama,R,0,0,4.9,13338,2,Streaming-flop
469,Call Me Chihiro,2/23/2023,2023,2,Winter,131,Drama,PG-13,0,0,7,4656,2,Streaming-flop
470,We Have a Ghost,2/24/2023,2023,2,Winter,127,Family adventure,PG-13,0,0,6.1,36657,5,Streaming-hit
471,Tonight You're Sleeping with Me,3/1/2023,2023,3,Spring,93,Romantic drama,R,0,0,3.9,1353,2,Streaming-flop
472,10 Days of a Good Man,3/3/2023,2023,3,Spring,124,Drama,R,0,0,6.5,6336,2,Streaming-flop
473,Love at First Kiss,3/3/2023,2023,3,Spring,96,Romantic comedy,,0,0,,,3,Streaming-flop
474,Faraway,3/8/2023,2023,3,Spring,109,Romantic comedy,Not Rated,0,0,6.7,6709,2,Streaming-flop
475,Have a Nice Day!,3/10/2023,2023,3,Spring,93,Comedy,Not Rated,0,0,5.5,323,0,Streaming-flop
476,Luther: The Fallen Sun,3/10/2023,2023,3,Spring,130,Crime drama,R,0,0,6.4,72040,5,Streaming-hit
477,In His Shadow,3/17/2023,2023,3,Spring,89,Drama,Not Rated,0,0,4.9,995,3,Streaming-flop
478,Noise,3/17/2023,2023,3,Spring,90,Thriller,Not Rated,0,0,3.5,4942,2,Streaming-flop
479,The Magician's Elephant,3/17/2023,2023,3,Spring,103,CGI animation fantasy adventure,PG,0,0,6.6,6719,3,Streaming-flop
480,Chor Nikal Ke Bhaga,3/24/2023,2023,3,Spring,110,Heist thriller,Not Rated,0,0,7.2,56273,4,Streaming-hit
481,Kill Boksoon,3/31/2023,2023,3,Spring,139,Crime thriller,R,0,0,6.6,15980,8,Streaming-hit
482,Murder Mystery 2,3/31/2023,2023,3,Spring,90,Mystery comedy,PG-13,0,1,5.7,82892,5,Streaming-hit
483,Chupa,4/7/2023,2023,4,Spring,98,Fantasy adventure,PG,0,0,5.6,8083,4,Streaming-hit
484,Kings of Mulberry Street: Let Love Reign,4/7/2023,2023,4,Spring,109,Comedy,PG-13,0,0,4.7,116,0,Streaming-flop
485,Oh Belinda,4/7/2023,2023,4,Spring,97,Drama,R,1,1,5.3,3808,2,Streaming-flop
486,Hunger,4/8/2023,2023,4,Spring,130,Thriller drama,,0,0,,,6,Streaming-hit
487,Queens on the Run,4/14/2023,2023,4,Spring,97,Comedy,Not Rated,0,0,4.6,1085,5,Streaming-hit
488,Phenomena,4/14/2023,2023,4,Spring,94,Comedy,Not Rated,0,0,5.4,3498,3,Streaming-flop
489,A Tourist's Guide to Love,4/21/2023,2023,4,Spring,96,Romantic comedy,PG,0,0,5.8,8374,3,Streaming-flop
490,Chokehold,4/21/2023,2023,4,Spring,112,Thriller,Not Rated,0,0,5.7,5122,3,Streaming-flop
491,One More Time,4/21/2023,2023,4,Spring,85,Comedy,R,0,0,5.8,2863,2,Streaming-flop
492,"Kiss, Kiss!",4/26/2023,2023,4,Spring,107,Romantic comedy,,0,0,,,2,Streaming-flop
493,The Matchmaker,4/27/2023,2023,4,Spring,81,Psychological thriller,Not Rated,0,0,3.7,654,0,Streaming-flop
494,AKA,4/28/2023,2023,4,Spring,124,Action thriller,Not Rated,0,0,6.6,14790,6,Streaming-hit
495,Royalteen: Princess Margrethe,5/11/2023,2023,5,Spring,98,Coming-of-age,R,0,1,4.7,1089,2,Streaming-flop
496,The Mother,5/12/2023,2023,5,Spring,117,Action drama,R,0,0,5.6,52474,6,Streaming-hit
497,Fanfic,5/17/2023,2023,5,Spring,95,Drama,NC-17,0,0,5.8,1599,0,Streaming-flop
498,Kathal – A Jackfruit Mystery,5/19/2023,2023,5,Spring,115,Dark crime dramedy,,0,0,,,0,Streaming-flop
499,Hard Feelings,5/24/2023,2023,5,Spring,103,Comedy,R,0,0,4.8,3509,2,Streaming-flop
500,Mother's Day,5/24/2023,2023,5,Spring,94,Action,R,0,0,5.3,2945,4,Streaming-hit
501,Blood and Gold,5/26/2023,2023,5,Spring,100,War,,0,0,,,0,Streaming-flop
502,Where the Tracks End,5/26/2023,2023,5,Spring,95,Family film,PG-13,0,0,7.1,1921,3,Streaming-flop
503,A Beautiful Life,6/1/2023,2023,6,Summer,99,Drama,R,0,0,6.4,9380,7,Streaming-hit
504,Missed Connections,6/2/2023,2023,6,Summer,107,Romantic comedy,Not Rated,0,0,4.4,299,1,Streaming-flop
505,Rich in Love 2,6/2/2023,2023,6,Summer,89,Romantic comedy,Not Rated,0,0,4.9,596,2,Streaming-flop
506,The Wonder Weeks,6/9/2023,2023,6,Summer,110,Comedy drama,,0,0,,,2,Streaming-flop
507,You Do You,6/9/2023,2023,6,Summer,99,Romantic comedy,PG-13,0,0,5,2831,4,Streaming-hit
508,Black Clover: Sword of the Wizard King,6/16/2023,2023,6,Summer,113,Anime,PG-13,0,0,7.4,9651,3,Streaming-flop
509,Extraction 2,6/16/2023,2023,6,Summer,123,Action thriller,,0,0,,,7,Streaming-hit
510,iNumber Number: Jozi Gold,6/23/2023,2023,6,Summer,113,Thriller,Not Rated,0,0,4.4,546,3,Streaming-flop
511,Make Me Believe,6/23/2023,2023,6,Summer,104,Romantic comedy,R,0,0,5.7,4073,5,Streaming-hit
512,The Perfect Find,6/23/2023,2023,6,Summer,99,Romantic comedy,R,0,0,5.2,3819,2,Streaming-flop
513,Through My Window 2: Across the Sea,6/23/2023,2023,6,Summer,111,Romance,,0,0,,,6,Streaming-hit
514,Lust Stories 2,6/29/2023,2023,6,Summer,132,Anthology film,R,0,1,5.7,52034,3,Streaming-flop
515,Nimona,6/30/2023,2023,6,Summer,102,CGI animation science fiction,PG,1,0,7.5,61297,4,Streaming-hit
516,Gold Brick,7/6/2023,2023,7,Summer,95,Comedy,R,0,0,6.2,3852,4,Streaming-hit
517,Seasons,7/7/2023,2023,7,Summer,109,Romance,R,0,0,5.1,425,3,Streaming-flop
518,The Out-Laws,7/7/2023,2023,7,Summer,95,Action comedy,R,0,0,5.4,41283,4,Streaming-hit
519,Mr. Car and the Knights Templar,7/12/2023,2023,7,Summer,110,Drama,PG-13,0,0,4.4,1531,2,Streaming-flop
520,Bird Box Barcelona,7/14/2023,2023,7,Summer,111,Post-apocalyptic horror-thriller,,0,0,,,4,Streaming-hit
521,Love Tactics 2,7/14/2023,2023,7,Summer,98,Romantic comedy,PG-13,0,0,5,2990,3,Streaming-flop
522,The (Almost) Legends,7/19/2023,2023,7,Summer,96,Comedy,Not Rated,0,0,6.4,667,2,Streaming-flop
523,They Cloned Tyrone,7/21/2023,2023,7,Summer,119,Sci-fi comedy mystery,R,0,0,6.7,47398,3,Streaming-flop
524,Happiness for Beginners,7/27/2023,2023,7,Summer,103,Romantic comedy,PG-13,0,0,6.1,22061,3,Streaming-flop
525,Paradise,7/27/2023,2023,7,Summer,118,Sci-fi action-thriller,R,0,0,6.3,25263,7,Streaming-hit
526,The Murderer,7/27/2023,2023,7,Summer,120,Black comedy,R,0,0,6.2,1261,1,Streaming-flop
527,Today We'll Talk About That Day,7/27/2023,2023,7,Summer,118,Melodrama,PG-13,0,0,5.9,242,0,Streaming-flop
528,Big Nunu's Little Heist,7/28/2023,2023,7,Summer,92,Comedy,R,0,0,4.1,314,1,Streaming-flop
529,Soulcatcher,8/2/2023,2023,8,Summer,98,Thriller,R,0,0,3.7,1602,3,Streaming-flop
530,Head to Head,8/3/2023,2023,8,Summer,94,Thriller comedy,Not Rated,0,0,6,3479,2,Streaming-flop
531,Zom 100: Bucket List of the Dead,8/3/2023,2023,8,Summer,129,Zombie apocalypse / comedy,R,1,0,5.5,8090,4,Streaming-hit
532,Heart of Stone,8/11/2023,2023,8,Summer,125,Spy thriller,PG-13,0,0,5.7,67906,5,Streaming-hit
533,10 Days of a Bad Man,8/18/2023,2023,8,Summer,124,Drama,R,0,0,6.1,3453,2,Streaming-flop
534,"Love, Sex & 30 Candles",8/18/2023,2023,8,Summer,106,Drama,,0,0,,,0,Streaming-flop
535,The Monkey King,8/18/2023,2023,8,Summer,96,CGI animation action comedy,PG,0,0,5.8,7820,3,Streaming-flop
536,Squared Love Everlasting,8/23/2023,2023,8,Summer,102,Romantic comedy,PG-13,0,0,4.5,439,2,Streaming-flop
537,Killer Book Club,8/25/2023,2023,8,Summer,89,Slasher,R,0,0,4.6,5853,3,Streaming-flop
538,You Are So Not Invited to My Bat Mitzvah,8/25/2023,2023,8,Summer,103,Coming-of-age,PG-13,0,0,5.9,27751,5,Streaming-hit
539,The Great Seduction,8/30/2023,2023,8,Summer,95,Comedy,R,0,0,6.5,1826,4,Streaming-hit
540,A Day and a Half,9/1/2023,2023,9,Fall/Autumn,95,Thriller,R,0,0,5.8,3574,3,Streaming-flop
541,Friday Night Plan,9/1/2023,2023,9,Fall/Autumn,108,Coming-of-age,R,0,0,6.6,2116,2,Streaming-flop
542,Happy Ending,9/1/2023,2023,9,Fall/Autumn,93,Comedy,R,0,0,5.4,2370,3,Streaming-flop
543,What If?,9/7/2023,2023,9,Fall/Autumn,112,Romantic drama,,0,0,,,0,Streaming-flop
544,Freestyle,9/13/2023,2023,9,Fall/Autumn,88,Thriller,Not Rated,0,0,4.8,1469,2,Streaming-flop
545,Ehrengard: The Art of Seduction,9/14/2023,2023,9,Fall/Autumn,94,Romantic comedy,R,0,0,5.8,3458,3,Streaming-flop
546,Once Upon a Crime,9/14/2023,2023,9,Fall/Autumn,107,Fantasy,PG,0,0,5.3,2395,3,Streaming-flop
547,El Conde,9/15/2023,2023,9,Fall/Autumn,111,Black comedy,R,0,0,6.3,16214,2,Streaming-flop
548,Love at First Sight,9/15/2023,2023,9,Fall/Autumn,91,Romance,PG-13,0,0,6.8,42211,3,Streaming-flop
549,The Abyss,9/15/2023,2023,9,Fall/Autumn,103,Disaster,R,0,0,5.3,11259,7,Streaming-hit
550,Jaane Jaan,9/21/2023,2023,9,Fall/Autumn,139,Thriller,R,0,0,7,16721,3,Streaming-flop
551,Spy Kids: Armageddon,9/22/2023,2023,9,Fall/Autumn,97,Action-adventure,PG,0,0,4.3,4428,3,Streaming-flop
552,The Black Book,9/22/2023,2023,9,Fall/Autumn,124,Thriller,R,0,0,5.3,1514,3,Streaming-flop
553,Forgotten Love,9/27/2023,2023,9,Fall/Autumn,140,Drama,PG-13,0,0,7.5,13667,8,Streaming-hit
554,Overhaul,9/27/2023,2023,9,Fall/Autumn,98,Action drama,R,0,0,4.9,978,3,Streaming-flop
555,Street Flow 2,9/27/2023,2023,9,Fall/Autumn,98,Drama,R,0,0,5.3,599,2,Streaming-flop
556,Love Is in the Air,9/28/2023,2023,9,Fall/Autumn,88,Romantic comedy,PG-13,0,0,5.6,5046,0,Streaming-flop
557,Do Not Disturb,9/29/2023,2023,9,Fall/Autumn,114,Dramedy,R,0,0,6.3,11787,1,Streaming-flop
558,Nowhere,9/29/2023,2023,9,Fall/Autumn,109,Thriller,R,0,0,6.3,48368,15,Streaming-hit
559,Reptile,9/29/2023,2023,9,Fall/Autumn,136,Crime drama,R,0,0,6.8,108579,5,Streaming-hit
560,Keys to the Heart,10/4/2023,2023,10,Fall/Autumn,102,Drama,Not Rated,0,0,6.5,354,1,Streaming-flop
561,Khufiya,10/5/2023,2023,10,Fall/Autumn,157,Spy thriller,R,0,0,6.1,8809,2,Streaming-flop
562,Fair Play,10/6/2023,2023,10,Fall/Autumn,115,Erotic thriller,R,0,0,6.4,46273,3,Streaming-flop
563,A Deadly Invitation,10/6/2023,2023,10,Fall/Autumn,93,Drama,Not Rated,0,0,5.1,2501,4,Streaming-hit
564,Ballerina,10/6/2023,2023,10,Fall/Autumn,93,Thriller,R,0,0,6.3,18773,5,Streaming-hit
565,Once Upon a Star,10/11/2023,2023,10,Fall/Autumn,138,Drama,Not Rated,0,0,7,556,0,Streaming-flop
566,Ìjọ̀gbọ̀n,10/13/2023,2023,10,Fall/Autumn,115,Drama,,0,0,,,2,Streaming-flop
567,The Conference,10/13/2023,2023,10,Fall/Autumn,100,Slasher comedy,NC-17,0,0,5.7,15985,2,Streaming-flop
568,Crypto Boy,10/19/2023,2023,10,Fall/Autumn,103,Drama,Not Rated,0,0,5.8,1445,1,Streaming-flop
569,Kandasamys: The Baby,10/20/2023,2023,10,Fall/Autumn,93,Comedy,PG-13,0,1,4.8,240,0,Streaming-flop
570,Old Dads,10/20/2023,2023,10,Fall/Autumn,104,Comedy,R,0,0,6.2,46933,3,Streaming-flop
571,Burning Betrayal,10/25/2023,2023,10,Fall/Autumn,98,Thriller,R,0,0,4.2,4731,4,Streaming-hit
572,Pain Hustlers,10/27/2023,2023,10,Fall/Autumn,124,Crime drama,R,0,0,6.6,54648,4,Streaming-hit
573,Sister Death,10/27/2023,2023,10,Fall/Autumn,90,Horror,R,0,0,5.8,10705,3,Streaming-flop
574,Hurricane Season,11/1/2023,2023,11,Fall/Autumn,99,Drama,R,0,0,5.9,1033,0,Streaming-flop
575,Locked In,11/1/2023,2023,11,Fall/Autumn,96,Psychological thriller,R,0,0,5.1,11602,3,Streaming-flop
576,Nuovo Olimpo,11/1/2023,2023,11,Fall/Autumn,112,Romance,R,0,0,7.2,7238,0,Streaming-flop
577,Wingwomen,11/1/2023,2023,11,Fall/Autumn,115,Action  dramedy,R,1,0,5.7,8190,4,Streaming-hit
578,Nyad,11/3/2023,2023,11,Fall/Autumn,121,Biopic,PG-13,0,0,7.1,44519,0,Streaming-flop
579,The Killer,11/10/2023,2023,11,Fall/Autumn,119,Neo-noir action thriller,R,1,0,6.7,221332,4,Streaming-hit
580,Best. Christmas. Ever!,11/16/2023,2023,11,Fall/Autumn,81,Romantic comedy,PG,0,0,4.5,12181,3,Streaming-flop
581,In Love and Deep Water,11/16/2023,2023,11,Fall/Autumn,127,Romantic mystery comedy,PG-13,0,0,5.2,1017,1,Streaming-flop
582,Believer 2,11/17/2023,2023,11,Fall/Autumn,116,Crime action,R,0,1,5.6,2236,3,Streaming-flop
583,Rustin,11/17/2023,2023,11,Fall/Autumn,108,Biographical drama,PG-13,0,0,6.5,14598,0,Streaming-flop
584,All-Time High,11/17/2023,2023,11,Fall/Autumn,103,Comedy,Not Rated,0,0,5.8,2312,3,Streaming-flop
585,The Queenstown Kings,11/17/2023,2023,11,Fall/Autumn,137,Drama,Not Rated,0,0,4.7,228,1,Streaming-flop
586,Leo,11/21/2023,2023,11,Fall/Autumn,106,CGI animation musical,PG,0,0,7,45393,10,Streaming-hit
587,I Don't Expect Anyone to Believe Me,11/22/2023,2023,11,Fall/Autumn,117,Comedy-thriller,R,0,0,5.7,767,0,Streaming-flop
588,Doi Boy,11/24/2023,2023,11,Fall/Autumn,99,Drama,Not Rated,0,0,5.5,856,0,Streaming-flop
589,Elena Knows,11/24/2023,2023,11,Fall/Autumn,100,Drama,Not Rated,0,0,5.5,830,2,Streaming-flop
590,Last Call for Istanbul,11/24/2023,2023,11,Fall/Autumn,91,Drama,R,0,0,5.3,10568,3,Streaming-flop
591,Wedding Games,11/24/2023,2023,11,Fall/Autumn,79,Comedy,Not Rated,0,0,4.2,167,0,Streaming-flop
592,Family Switch,11/30/2023,2023,11,Fall/Autumn,105,Comedy,PG,0,0,5.7,33088,4,Streaming-hit
593,Christmas as Usual,12/6/2023,2023,12,Winter,89,Romantic comedy,PG-13,0,0,5.5,6718,2,Streaming-flop
594,NAGA,12/7/2023,2023,12,Winter,113,Thriller,R,0,0,5.9,20333,1,Streaming-flop
595,The Archies,12/7/2023,2023,12,Winter,143,Musical,PG-13,0,0,4.2,53518,2,Streaming-flop
596,Blood Vessel,12/8/2023,2023,12,Winter,119,Thriller,Not Rated,0,0,4.4,496,3,Streaming-flop
597,Leave the World Behind,12/8/2023,2023,12,Winter,141,Drama,R,0,0,6.4,240002,5,Streaming-hit
598,Chicken Run: Dawn of the Nugget,12/15/2023,2023,12,Winter,101,Stop motion action comedy,PG,1,1,6.3,28766,4,Streaming-hit
599,Familia,12/15/2023,2023,12,Winter,105,Drama,R,0,0,6.6,1126,2,Streaming-flop
600,Maestro,12/20/2023,2023,12,Winter,131,Biographical drama,R,0,0,6.5,69070,0,Streaming-flop
601,The Taming of the Shrewd 2,12/20/2023,2023,12,Winter,100,Comedy,R,0,0,4.3,334,2,Streaming-flop
602,Rebel Moon – Part One: A Child of Fire,12/21/2023,2023,12,Winter,135,Space opera,,0,0,,,0,Streaming-flop
603,A Vampire in the Family,12/24/2023,2023,12,Winter,89,Comedy,R,0,0,4.7,1664,3,Streaming-flop
604,Kho Gaye Hum Kahan,12/26/2023,2023,12,Winter,134,Comedy drama,PG-13,0,0,7.3,31643,2,Streaming-flop
605,"Thank You, I'm Sorry",12/26/2023,2023,12,Winter,91,Comedy drama,PG-13,0,0,6,1487,3,Streaming-flop
606,Society of the Snow,1/4/2024,2024,1,Winter,145,Disaster drama,,0,0,,,12,Streaming-hit
607,Good Grief,1/5/2024,2024,1,Winter,100,Romantic comedy,,0,0,,,0,Streaming-flop
608,Lift,1/12/2024,2024,1,Winter,106,Action comedy-thriller,PG-13,0,0,5.6,52117,5,Streaming-hit
609,From the Ashes,1/18/2024,2024,1,Winter,92,Drama,PG-13,0,0,5,1391,3,Streaming-flop
610,Sixty Minutes,1/19/2024,2024,1,Winter,89,Action,R,0,0,5.7,5602,4,Streaming-hit
611,The Kitchen,1/19/2024,2024,1,Winter,107,Science fiction drama,,0,0,,,2,Streaming-flop
612,Badland Hunters,1/26/2024,2024,1,Winter,107,Dystopian action,R,0,0,6,13414,4,Streaming-hit
613,Orion and the Dark,2/2/2024,2024,2,Winter,92,CGI animated fantasy adventure,PG,0,0,6.3,18970,4,Streaming-hit
614,Ashes,2/9/2024,2024,2,Winter,100,Drama,Not Rated,0,0,4.3,2811,3,Streaming-flop
615,Bhakshak,2/9/2024,2024,2,Winter,134,Crime drama,R,0,0,7.2,7533,3,Streaming-flop
616,Kill Me If You Dare,2/13/2024,2024,2,Winter,94,Comedy,Not Rated,1,1,4.6,1454,2,Streaming-flop
617,Players,2/14/2024,2024,2,Winter,105,Romantic comedy,R,0,0,5.7,12838,2,Streaming-flop
618,Soweto Love Story,2/14/2024,2024,2,Winter,102,Romantic comedy,,0,0,,,0,Streaming-flop
619,The Heartbreak Agency,2/14/2024,2024,2,Winter,96,Romantic comedy,PG-13,0,0,5.4,787,1,Streaming-flop
620,Mea Culpa,2/23/2024,2024,2,Winter,120,Legal drama,,0,0,,,3,Streaming-flop
621,Through My Window 3: Looking at You,2/23/2024,2024,2,Winter,105,Romance,,0,0,,,5,Streaming-hit
622,Code 8: Part II,2/28/2024,2024,2,Winter,100,Science fiction,R,0,1,5.7,16953,0,Streaming-flop
623,The Parades,2/29/2024,2024,2,Winter,132,Drama,PG-13,0,0,6.6,1055,1,Streaming-flop
624,My Name Is Loh Kiwan,3/1/2024,2024,3,Spring,133,Drama,R,0,0,6.7,4833,3,Streaming-flop
625,Spaceman,3/1/2024,2024,3,Spring,107,Science fiction drama,R,0,0,5.7,46640,3,Streaming-flop
626,Damsel,3/8/2024,2024,3,Spring,110,Fantasy action,PG-13,0,0,6.1,118120,6,Streaming-hit
627,24 Hours with Gaspar,3/14/2024,2024,3,Spring,98,Crime drama,,0,0,,,1,Streaming-flop
628,Art of Love,3/14/2024,2024,3,Spring,99,Romance,PG-13,0,0,4.6,2643,3,Streaming-flop
629,Irish Wish,3/15/2024,2024,3,Spring,93,Romantic comedy,PG,0,0,5.3,23039,3,Streaming-flop
630,Murder Mubarak,3/15/2024,2024,3,Spring,141,Dramedy,Not Rated,0,0,5.8,51451,2,Streaming-flop
631,The Wonderful Story of Henry Sugar and Three More,3/15/2024,2024,3,Spring,88,Fantasy anthology,PG,1,0,7.1,11933,0,Streaming-flop
632,Shirley,3/22/2024,2024,3,Spring,118,Biographical drama,PG-13,0,0,6.2,3623,2,Streaming-flop
633,The Casagrandes Movie,3/22/2024,2024,3,Spring,85,Animated comedy,PG,0,0,5.6,765,2,Streaming-flop
634,Rest in Peace,3/27/2024,2024,3,Spring,107,Drama,Not Rated,0,0,5.8,2512,0,Streaming-flop
635,No Pressure,3/27/2024,2024,3,Spring,112,Romantic comedy,Not Rated,0,0,5.2,1201,4,Streaming-hit
636,Heart of the Hunter,3/29/2024,2024,3,Spring,107,Spy thriller,R,0,0,4.7,2335,3,Streaming-flop
637,The Beautiful Game,3/29/2024,2024,3,Spring,125,Drama,PG-13,0,0,6.3,8791,1,Streaming-flop
638,The Wages of Fear,3/29/2024,2024,3,Spring,106,Thriller,R,1,1,4.6,4476,8,Streaming-hit
639,The Tearsmith,4/4/2024,2024,4,Spring,105,Coming-of-age romantic drama,R,0,0,5.2,14440,8,Streaming-hit
640,Scoop,4/5/2024,2024,4,Spring,102,Biographical drama,Not Rated,0,0,6.5,21872,2,Streaming-flop
641,A Journey,4/12/2024,2024,4,Spring,115,Drama,Not Rated,0,0,5.7,352,2,Streaming-flop
642,Amar Singh Chamkila,4/12/2024,2024,4,Spring,145,Romantic musical,Not Rated,0,0,7.8,17241,2,Streaming-flop
643,"Love, Divided",4/12/2024,2024,4,Spring,98,Romantic comedy,PG-13,1,1,6,5117,4,Streaming-hit
644,Stolen,4/12/2024,2024,4,Spring,107,Drama,Not Rated,0,0,5.8,2421,3,Streaming-flop
645,Woody Woodpecker Goes to Camp,4/12/2024,2024,4,Spring,100,Slapstick comedy,PG,0,0,4.5,2922,5,Streaming-hit
646,Rebel Moon – Part Two: The Scargiver,4/19/2024,2024,4,Spring,123,Space opera,,0,0,,,0,Streaming-flop
647,City Hunter,4/25/2024,2024,4,Spring,104,Action comedy,R,1,1,6.3,6100,3,Streaming-flop
648,Honeymoonish,4/29/2024,2024,4,Spring,100,Romantic comedy,Not Rated,0,0,5.3,1704,3,Streaming-flop
649,Down the Rabbit Hole,5/1/2024,2024,5,Spring,102,Deadpan comedy,R,0,0,5.6,611,2,Streaming-flop
650,Beautiful Rebel,5/2/2024,2024,5,Spring,113,Biographical drama,Not Rated,0,0,6.2,1129,1,Streaming-flop
651,Unfrosted,5/3/2024,2024,5,Spring,96,Comedy,PG-13,0,0,5.5,36581,3,Streaming-flop
652,Mother of the Bride,5/9/2024,2024,5,Spring,90,Romantic comedy,PG,0,0,4.9,17997,5,Streaming-hit
653,Monster,5/16/2024,2024,5,Spring,84,Thriller,,0,0,9.7,134,2,Streaming-flop
654,Thelma the Unicorn,5/17/2024,2024,5,Spring,98,CGI animated musical,PG,0,0,5.8,3360,3,Streaming-flop
655,In Good Hands 2,5/23/2024,2024,5,Spring,99,Romantic comedy,PG-13,0,0,5.3,1144,2,Streaming-flop
656,Atlas,5/24/2024,2024,5,Spring,120,Science fiction thriller,PG-13,0,0,5.6,59215,4,Streaming-hit
657,My Oni Girl,5/24/2024,2024,5,Spring,112,Anime fantasy,PG,0,0,6,2198,0,Streaming-flop
658,Bionic,5/29/2024,2024,5,Spring,110,Science fiction,R,0,0,4.3,1849,2,Streaming-flop
659,Colors of Evil: Red,5/29/2024,2024,5,Spring,112,Crime thriller,Not Rated,0,0,6.4,9395,5,Streaming-hit
660,A Part of You,5/31/2024,2024,5,Spring,100,Coming-of-age drama,Not Rated,0,0,5.8,3194,1,Streaming-flop
661,The Price of Nonna's Inheritance,6/4/2024,2024,6,Summer,90,Comedy,Not Rated,0,0,5.4,1360,2,Streaming-flop
662,Under Paris,6/5/2024,2024,6,Summer,103,Thriller,R,0,0,5.2,39190,21,Streaming-hit
663,Basma,6/6/2024,2024,6,Summer,105,Drama,Not Rated,0,0,4.4,628,0,Streaming-flop
664,Ultraman: Rising,6/14/2024,2024,6,Summer,121,CGI animated superhero,PG,0,0,6.9,7336,3,Streaming-flop
665,Inheritance,6/19/2024,2024,6,Summer,94,Comedy,Not Rated,0,0,6.2,113,4,Streaming-hit
666,Maharaj,6/21/2024,2024,6,Summer,131,Period drama,Not Rated,1,0,6.5,15693,4,Streaming-hit
667,Trigger Warning,6/21/2024,2024,6,Summer,106,Action thriller,R,0,0,4.6,20504,4,Streaming-hit
668,Drawing Closer,6/27/2024,2024,6,Summer,118,Romance,PG-13,0,0,7.7,3628,2,Streaming-flop
669,A Family Affair,6/28/2024,2024,6,Summer,113,Romantic comedy,PG-13,0,0,5.4,39554,5,Streaming-hit
670,Beverly Hills Cop: Axel F,7/3/2024,2024,7,Summer,117,Buddy cop,R,0,0,6.4,86557,4,Streaming-hit
671,Goyo,7/5/2024,2024,7,Summer,107,Romantic drama,Not Rated,0,0,6.6,2432,3,Streaming-flop
672,Wild Wild Punjab,7/10/2024,2024,7,Summer,110,Comedy,R,0,0,6.2,17636,2,Streaming-flop
673,Vanished into the Night,7/11/2024,2024,7,Summer,92,Thriller,Not Rated,0,0,5.2,5187,4,Streaming-hit
674,Blame the Game,7/12/2024,2024,7,Summer,92,Comedy,R,0,0,5.4,5963,4,Streaming-hit
675,Lobola Man,7/12/2024,2024,7,Summer,108,Comedy,Not Rated,0,0,4.6,232,2,Streaming-flop
676,The Champion,7/12/2024,2024,7,Summer,106,Comedy,Not Rated,1,1,5.5,1007,2,Streaming-flop
677,Find Me Falling,7/19/2024,2024,7,Summer,93,Romantic comedy,Not Rated,0,0,6.3,13806,3,Streaming-flop
678,House of Ga'a,7/26/2024,2024,7,Summer,120,Drama,R,0,0,4,505,2,Streaming-flop
679,Non Negotiable,7/26/2024,2024,7,Summer,86,Action comedy,PG-13,0,0,5.4,1319,3,Streaming-flop
680,Borderless Fog,8/1/2024,2024,8,Summer,111,Crime thriller,Not Rated,0,0,5.2,1434,3,Streaming-flop
681,Saving Bikini Bottom: The Sandy Cheeks Movie,8/2/2024,2024,8,Summer,86,CGI animated comedy,G,0,0,3.6,4572,3,Streaming-flop
682,Lolo and the Kid,8/7/2024,2024,8,Summer,97,Drama,Not Rated,0,0,6.4,987,3,Streaming-flop
683,Mission: Cross,8/9/2024,2024,8,Summer,100,Crime comedy spy,R,0,0,6.1,2944,5,Streaming-hit
684,Phir Aayi Hasseen Dillruba,8/9/2024,2024,8,Summer,132,Crime thriller,Not Rated,0,1,5.8,7341,4,Streaming-hit
685,The Union,8/16/2024,2024,8,Summer,109,Spy,PG-13,0,0,5.5,57722,6,Streaming-hit
686,Nice Girls,8/21/2024,2024,8,Summer,92,Action comedy,R,0,0,4.3,1348,2,Streaming-flop
687,Incoming,8/23/2024,2024,8,Summer,91,Comedy,R,0,0,5.8,16316,3,Streaming-flop
688,Tòkunbọ̀,8/23/2024,2024,8,Summer,112,Crime thriller,,0,0,,,2,Streaming-flop
689,Untamed Royals,8/28/2024,2024,8,Summer,99,Drama,R,0,0,4.6,735,2,Streaming-flop
690,The Deliverance,8/30/2024,2024,8,Summer,112,Thriller,R,0,0,5.1,24984,4,Streaming-hit
691,(Un)lucky Sisters,8/30/2024,2024,8,Summer,83,Comedy,PG-13,0,0,5.2,947,3,Streaming-flop
692,Rebel Ridge,9/6/2024,2024,9,Fall/Autumn,131,Thriller,R,0,0,6.8,101102,6,Streaming-hit
693,Boxer,9/11/2024,2024,9,Fall/Autumn,152,Sports drama,R,0,0,6.5,1540,2,Streaming-flop
694,Technoboys,9/11/2024,2024,9,Fall/Autumn,110,Musical drama,Not Rated,0,0,5.3,1113,2,Streaming-flop
695,Officer Black Belt,9/13/2024,2024,9,Fall/Autumn,109,Action comedy,R,0,0,6.9,10230,4,Streaming-hit
696,Sector 36,9/13/2024,2024,9,Fall/Autumn,123,Crime thriller,R,0,0,7.1,26793,3,Streaming-flop
697,Uglies,9/13/2024,2024,9,Fall/Autumn,102,Fantasy,PG-13,0,0,4.7,36545,4,Streaming-hit
698,His Three Daughters,9/20/2024,2024,9,Fall/Autumn,104,Drama,,0,0,,,1,Streaming-flop
699,Divorce,9/25/2024,2024,9,Fall/Autumn,92,Drama,Not Rated,0,0,5.9,888,1,Streaming-flop
700,A True Gentleman,9/26/2024,2024,9,Fall/Autumn,110,Drama,R,0,0,4.5,2762,2,Streaming-flop
701,Rez Ball,9/27/2024,2024,9,Fall/Autumn,113,Sports drama,PG-13,0,0,6.4,2940,1,Streaming-flop
702,Trouble,10/3/2024,2024,10,Fall/Autumn,98,Action comedy,R,1,1,6.2,7832,5,Streaming-hit
703,CTRL,10/4/2024,2024,10,Fall/Autumn,99,Thriller,Not Rated,0,0,6.2,6816,1,Streaming-flop
704,It's What's Inside,10/4/2024,2024,10,Fall/Autumn,104,Horror thriller,R,0,0,6.6,50368,0,Streaming-flop
705,The Platform 2,10/4/2024,2024,10,Fall/Autumn,100,Science fiction,R,0,0,4.9,45972,5,Streaming-hit
706,In Her Place,10/11/2024,2024,10,Fall/Autumn,95,Drama,PG-13,0,0,6.3,7346,2,Streaming-flop
707,Lonely Planet,10/11/2024,2024,10,Fall/Autumn,96,Romantic drama,R,0,0,5.7,13205,4,Streaming-hit
708,Uprising,10/11/2024,2024,10,Fall/Autumn,128,Historical thriller,R,0,0,6.6,7038,4,Streaming-hit
709,Justice,10/16/2024,2024,10,Fall/Autumn,115,Crime drama,R,0,0,6.3,4534,3,Streaming-flop
710,Outside,10/17/2024,2024,10,Fall/Autumn,142,Post-apocalyptic psychological thriller,,0,0,5.1,5323,3,Streaming-flop
711,The Shadow Strays,10/17/2024,2024,10,Fall/Autumn,145,Action,NC-17,0,0,6.5,10893,4,Streaming-hit
712,Happiness Is,10/18/2024,2024,10,Fall/Autumn,96,Comedy drama,R,0,0,3.9,331,1,Streaming-flop
713,The Man Who Loved UFOs,10/18/2024,2024,10,Fall/Autumn,107,Comedy drama,R,0,0,5.3,685,0,Streaming-flop
714,Family Pack,10/23/2024,2024,10,Fall/Autumn,95,Comedy,PG-13,0,0,5.5,11065,9,Streaming-hit
715,Do Patti,10/25/2024,2024,10,Fall/Autumn,127,Mystery thriller,Not Rated,0,0,6.3,70477,4,Streaming-hit
716,Don't Move,10/25/2024,2024,10,Fall/Autumn,92,Thriller horror,R,0,0,5.8,44751,4,Streaming-hit
717,Time Cut,10/30/2024,2024,10,Fall/Autumn,91,Science fiction slasher,PG-13,0,0,5.1,22375,3,Streaming-flop
718,Let Go,11/1/2024,2024,11,Fall/Autumn,110,Drama,Not Rated,0,0,7,7348,5,Streaming-hit
719,Meet Me Next Christmas,11/6/2024,2024,11,Fall/Autumn,105,Romantic comedy,PG,0,0,5.7,9487,3,Streaming-flop
720,Pedro Páramo,11/6/2024,2024,11,Fall/Autumn,132,Drama,R,0,0,6.3,3530,2,Streaming-flop
721,10 Days of a Curious Man,11/7/2024,2024,11,Fall/Autumn,110,Drama,R,0,0,5.7,1531,0,Streaming-flop
722,Umjolo: The Gone Girl,11/8/2024,2024,11,Fall/Autumn,93,Romantic comedy,R,0,0,4.4,312,2,Streaming-flop
723,Vijay 69,11/8/2024,2024,11,Fall/Autumn,112,Comedy drama,PG-13,0,0,6.1,1296,0,Streaming-flop
724,Hot Frosty,11/13/2024,2024,11,Fall/Autumn,92,Romantic comedy,PG,0,0,5.3,16262,3,Streaming-flop
725,GTMAX,11/20/2024,2024,11,Fall/Autumn,100,Action,R,0,0,5,1455,3,Streaming-flop
726,The Merry Gentlemen,11/20/2024,2024,11,Fall/Autumn,87,Romantic comedy,PG,0,0,4.8,11384,2,Streaming-flop
727,Maybe Baby 2,11/21/2024,2024,11,Fall/Autumn,107,Comedy,Not Rated,0,0,5.7,653,2,Streaming-flop
728,Joy,11/22/2024,2024,11,Fall/Autumn,115,Drama,PG-13,0,0,7.1,11556,0,Streaming-flop
729,Spellbound,11/22/2024,2024,11,Fall/Autumn,110,CGI animated musical fantasy,PG,0,0,5.5,8848,3,Streaming-flop
730,The Piano Lesson,11/22/2024,2024,11,Fall/Autumn,127,Drama,PG-13,0,0,6.2,5572,0,Streaming-flop
731,Our Little Secret,11/27/2024,2024,11,Fall/Autumn,101,Romantic comedy,PG-13,0,0,5.7,26679,5,Streaming-hit
732,Sikandar Ka Muqaddar,11/29/2024,2024,11,Fall/Autumn,143,Crime drama,R,0,0,6,26281,4,Streaming-hit
733,The Snow Sister,11/29/2024,2024,11,Fall/Autumn,97,Holiday,PG,0,0,7,2616,2,Streaming-flop
734,That Christmas,12/4/2024,2024,12,Winter,97,CGI-animated Christmas fantasy comedy-drama,PG,0,0,6.8,20392,5,Streaming-hit
735,The Children's Train,12/4/2024,2024,12,Winter,106,Period drama,PG,0,0,7.4,9690,8,Streaming-hit
736,Camp Crasher,12/6/2024,2024,12,Winter,95,Comedy,PG-13,0,0,5.5,977,3,Streaming-flop
737,Mary,12/6/2024,2024,12,Winter,112,Period drama,PG-13,0,0,5.2,9053,0,Streaming-flop
738,Carry-On,12/13/2024,2024,12,Winter,119,Action thriller,PG-13,0,0,6.5,190818,8,Streaming-hit
739,Disaster Holiday,12/13/2024,2024,12,Winter,93,Comedy,PG,0,0,4.9,901,2,Streaming-flop
740,Ferry 2,12/20/2024,2024,12,Winter,95,Crime drama,R,0,1,5.6,4266,3,Streaming-flop
741,The Six Triple Eight,12/20/2024,2024,12,Winter,129,Period drama,PG-13,0,0,6.7,31385,4,Streaming-hit
742,Umjolo: Day Ones,12/20/2024,2024,12,Winter,86,Romantic comedy,R,0,0,4.3,174,2,Streaming-flop
743,The Love Scam,1/1/2025,2025,1,Winter,101,Romantic comedy,R,0,0,6.1,1734,3,Streaming-flop
744,"Umjolo: My Beginning, My End!",1/3/2025,2025,1,Winter,73,Romantic comedy,,0,0,,,1,Streaming-flop
745,Wallace & Gromit: Vengeance Most Fowl,1/3/2025,2025,1,Winter,82,Stop-motion comedy,,0,0,,,1,Streaming-flop
746,Ad Vitam,1/10/2025,2025,1,Winter,98,Action thriller,R,0,0,5.9,11121,5,Streaming-hit
747,Back in Action,1/17/2025,2025,1,Winter,114,Action comedy,PG-13,0,0,5.9,65650,7,Streaming-hit
748,The Sand Castle,1/24/2025,2025,1,Winter,97,Drama,,0,0,,,2,Streaming-flop
749,Lucca's World,1/31/2025,2025,1,Winter,96,Drama,PG-13,0,0,6.9,1784,4,Streaming-hit
750,Kinda Pregnant,2/5/2025,2025,2,Winter,100,Comedy,R,0,0,4.9,18012,3,Streaming-flop
751,The Witcher: Sirens of the Deep,2/11/2025,2025,2,Winter,91,Animation,R,0,0,6.1,11057,1,Streaming-flop
752,Death Before the Wedding,2/12/2025,2025,2,Winter,106,Comedy,PG-13,0,0,4.8,696,2,Streaming-flop
753,Honeymoon Crasher,2/12/2025,2025,2,Winter,95,Comedy,R,0,0,5.6,3624,3,Streaming-flop
754,La Dolce Villa,2/13/2025,2025,2,Winter,99,Romantic comedy,PG,0,0,6,12445,3,Streaming-flop
755,Dhoom Dhaam,2/14/2025,2025,2,Winter,108,Romantic comedy,R,0,0,6.4,8485,3,Streaming-flop
756,Love Forever,2/14/2025,2025,2,Winter,96,Romantic comedy,R,0,0,5.2,1915,2,Streaming-flop
757,The Most Beautiful Girl in the World,2/14/2025,2025,2,Winter,122,Romantic comedy,PG-13,0,0,6.2,1107,3,Streaming-flop
758,Umjolo: There is No Cure,2/14/2025,2025,2,Winter,78,Romantic comedy,R,0,0,4.1,170,0,Streaming-flop
759,A Copenhagen Love Story,2/26/2025,2025,2,Winter,105,Romance,R,0,0,6.3,2265,3,Streaming-flop
760,Demon City,2/27/2025,2025,2,Winter,107,Revenge thriller,R,1,0,5.4,6246,4,Streaming-hit
761,The Wrong Track,2/27/2025,2025,2,Winter,94,Drama,Not Rated,0,0,6,1267,1,Streaming-flop
762,Sosyal Climbers,2/27/2025,2025,2,Winter,103,Romantic comedy,R,0,0,5,389,2,Streaming-flop
763,Counterattack,2/28/2025,2025,2,Winter,85,Crime drama,,0,0,,,12,Streaming-hit
764,Squad 36,2/28/2025,2025,2,Winter,124,Crime thriller,R,0,0,5.5,3144,4,Streaming-hit
765,Delicious,3/7/2025,2025,3,Spring,102,Drama,R,0,0,4.4,6230,3,Streaming-flop
766,Nadaaniyan,3/7/2025,2025,3,Spring,119,Romantic comedy,PG-13,0,0,3,16024,2,Streaming-flop
767,Plankton: The Movie,3/7/2025,2025,3,Spring,87,CGI animation musical comedy,G,0,0,5.3,4553,4,Streaming-hit
768,The Electric State,3/14/2025,2025,3,Spring,128,Science fiction adventure,PG-13,0,0,5.9,82982,4,Streaming-hit
769,Little Siberia,3/21/2025,2025,3,Spring,106,Comedy drama,R,0,0,5.2,1851,2,Streaming-flop
770,Revelations,3/21/2025,2025,3,Spring,122,Thriller,R,0,0,6,5286,3,Streaming-flop
771,The Life List,3/28/2025,2025,3,Spring,125,Romantic comedy,PG-13,0,0,6.8,39203,6,Streaming-hit
772,Promised Hearts,3/31/2025,2025,3,Spring,109,Religious romantic drama,PG-13,0,0,5.2,374,2,Streaming-flop
773,Banger,4/2/2025,2025,4,Spring,91,Comedy thriller,R,0,0,4.9,1360,1,Streaming-flop
774,Test,4/4/2025,2025,4,Spring,145,Sports drama,PG-13,0,0,5.1,2765,0,Streaming-flop
775,The Dad Quest,4/9/2025,2025,4,Spring,84,Drama,PG-13,0,0,5.5,628,2,Streaming-flop
776,Frozen Hot Boys,4/10/2025,2025,4,Spring,118,Drama,Not Rated,0,0,6.2,484,1,Streaming-flop
777,Meet the Khumalos,4/11/2025,2025,4,Spring,93,Comedy,PG-13,0,0,5.2,599,2,Streaming-flop
778,iHostage,4/18/2025,2025,4,Spring,102,Crime thriller,R,0,0,5.7,13163,5,Streaming-hit
779,Bullet Train Explosion,4/23/2025,2025,4,Spring,137,Action thriller,PG-13,1,1,6.2,9006,5,Streaming-hit
780,Havoc,4/25/2025,2025,4,Spring,107,Action thriller,R,0,0,5.6,67561,6,Streaming-hit
781,Jewel Thief – The Heist Begins,4/25/2025,2025,4,Spring,117,Heist action thriller,,0,0,,,0,Streaming-flop
782,Exterritorial,4/30/2025,2025,4,Spring,109,Action thriller,R,0,0,5.8,17912,15,Streaming-hit
783,The Biggest Fan,5/1/2025,2025,5,Spring,92,Comedy,R,0,0,4.4,436,1,Streaming-flop
784,Last Bullet,5/7/2025,2025,5,Spring,112,Action-adventure,R,0,0,6.3,3901,4,Streaming-hit
785,Nonnas,5/9/2025,2025,5,Spring,114,Comedy,PG,0,0,6.8,45450,5,Streaming-hit
786,Fear Street: Prom Queen,5/23/2025,2025,5,Spring,90,Slasher,R,0,0,5.1,25493,2,Streaming-flop
787,Off Track 2,5/23/2025,2025,5,Spring,97,Sports comedy drama,Not Rated,0,0,5.5,1124,2,Streaming-flop
788,A Widow's Game,5/30/2025,2025,5,Spring,122,Crime thriller,R,0,0,6.2,8589,6,Streaming-hit
789,Lost in Starlight,5/30/2025,2025,5,Spring,98,Animated romantic drama,PG,0,0,7,5495,0,Streaming-flop
790,The Heart Knows,5/30/2025,2025,5,Spring,89,Drama,Not Rated,0,0,5.8,1131,3,Streaming-flop
791,K.O.,6/6/2025,2025,6,Summer,86,Action,R,0,0,5.8,5099,11,Streaming-hit
792,Straw,6/6/2025,2025,6,Summer,107,Drama,R,0,0,6.5,30466,0,Streaming-flop
793,Our Times,6/11/2025,2025,6,Summer,90,Comedy,PG-13,0,0,5.4,2982,2,Streaming-flop
794,KPop Demon Hunters,6/20/2025,2025,6,Summer,99,CGI animation musical fantasy,PG,0,0,7.5,122289,39,Streaming-hit
795,Semi-Soeter,6/20/2025,2025,6,Summer,92,Comedy,PG,0,0,4.7,254,2,Streaming-flop
796,The Old Guard 2,7/2/2025,2025,7,Summer,106,Superhero,R,0,0,5.1,44796,4,Streaming-hit
797,Ziam,7/9/2025,2025,7,Summer,96,Horror,R,0,0,4.9,4641,3,Streaming-flop
798,Brick,7/10/2025,2025,7,Summer,100,Thriller,R,0,0,5.5,25974,9,Streaming-hit
799,Aap Jaisa Koi,7/11/2025,2025,7,Summer,115,Romantic comedy,PG-13,0,0,5.8,5858,3,Streaming-flop
800,Almost Cops,7/11/2025,2025,7,Summer,97,Comedy,R,0,0,5,3348,3,Streaming-flop
801,Madea's Destination Wedding,7/11/2025,2025,7,Summer,104,Comedy,PG-13,0,0,5.1,3528,0,Streaming-flop
802,Almost Family,7/18/2025,2025,7,Summer,81,Comedy,PG,0,0,4.7,1246,3,Streaming-flop
803,Wall to Wall,7/18/2025,2025,7,Summer,118,Suspense thriller,R,0,0,5.9,7940,3,Streaming-flop
804,A Normal Woman,7/24/2025,2025,7,Summer,110,Psychological thriller,R,0,0,4.4,1271,2,Streaming-flop
805,Happy Gilmore 2,7/25/2025,2025,7,Summer,117,Sports comedy,PG-13,0,1,6.1,115030,5,Streaming-hit
806,An Honest Life,7/31/2025,2025,7,Summer,122,Thriller,R,0,0,5.6,1661,2,Streaming-flop
807,My Oxford Year,8/1/2025,2025,8,Summer,112,Coming-of-age romantic comedy,PG-13,0,0,5.9,27925,4,Streaming-hit
808,Fixed,8/13/2025,2025,8,Summer,86,Adult animated romantic comedy,R,0,0,5.2,5048,1,Streaming-flop
809,Night Always Comes,8/15/2025,2025,8,Summer,110,Crime drama,R,0,0,5.9,15259,2,Streaming-flop
810,Fall for Me,8/21/2025,2025,8,Summer,105,Erotic thriller,R,0,0,4.8,5436,8,Streaming-hit
811,Gold Rush Gang,8/21/2025,2025,8,Summer,120,Historical drama,R,0,0,4.1,357,1,Streaming-flop
812,One Hit Wonder,8/21/2025,2025,8,Summer,112,Romantic comedy,Not Rated,0,0,4.7,154,0,Streaming-flop
813,Abandoned Man,8/22/2025,2025,8,Summer,91,Drama,Not Rated,0,0,5.8,3833,4,Streaming-hit
814,Fantasy Football Ruined Our Lives,8/27/2025,2025,8,Summer,98,Comedy,Not Rated,0,0,4.9,795,0,Streaming-flop
815,Planet Single: Greek Adventure,8/27/2025,2025,8,Summer,100,Comedy,Not Rated,0,0,3.9,485,1,Streaming-flop
816,The Thursday Murder Club,8/28/2025,2025,8,Summer,120,Mystery,PG-13,0,0,6.5,82620,4,Streaming-hit
817,Love Untangled,8/29/2025,2025,8,Summer,121,Coming-of-age romance,PG,0,0,7.1,4483,6,Streaming-hit
818,Inspector Zende,9/5/2025,2025,9,Fall/Autumn,112,Comedy,R,0,0,5.8,3108,3,Streaming-flop
819,Kontrabida Academy,9/11/2025,2025,9,Fall/Autumn,108,Comedy,PG-13,0,0,5.9,430,2,Streaming-flop
820,The Wrong Paris,9/12/2025,2025,9,Fall/Autumn,107,Romantic comedy,NR,0,0,6.1,13563,4,Streaming-hit
821,Same Day with Someone,9/18/2025,2025,9,Fall/Autumn,119,Romantic comedy,PG-13,0,0,5.4,236,0,Streaming-flop
822,She Said Maybe,9/19/2025,2025,9,Fall/Autumn,107,Romantic comedy,PG-13,0,0,4.9,1839,3,Streaming-flop
823,French Lover,9/26/2025,2025,9,Fall/Autumn,122,Romantic comedy,R,0,0,6.2,6165,4,Streaming-hit
824,Mantis,9/26/2025,2025,9,Fall/Autumn,113,Action,R,0,0,5.3,3789,3,Streaming-flop
825,Ruth & Boaz,9/26/2025,2025,9,Fall/Autumn,93,Romance,Not Rated,0,0,6,2400,3,Streaming-flop
826,Steve,10/3/2025,2025,10,Fall/Autumn,93,Drama,R,0,0,6.4,17836,0,Streaming-flop
827,Caramelo,10/8/2025,2025,10,Fall/Autumn,101,Comedy,PG-13,0,0,7.1,8264,8,Streaming-hit
828,Swim to Me,10/10/2025,2025,10,Fall/Autumn,103,Drama,Not Rated,0,0,5.5,423,2,Streaming-flop
829,The Woman in Cabin 10,10/10/2025,2025,10,Fall/Autumn,95,Psychological thriller,R,0,0,5.8,66182,5,Streaming-hit
830,Everybody Loves Me When I'm Dead,10/14/2025,2025,10,Fall/Autumn,128,Crime drama,R,0,0,5.9,506,1,Streaming-flop
831,Inside Furioza,10/15/2025,2025,10,Fall/Autumn,167,Action,R,0,0,6.2,1932,2,Streaming-flop
832,The Time That Remains,10/16/2025,2025,10,Fall/Autumn,117,Romantic drama,R,0,0,4.8,222,0,Streaming-flop
833,27 Nights,10/17/2025,2025,10,Fall/Autumn,108,Drama,R,0,0,6.4,1525,3,Streaming-flop
834,Good News,10/17/2025,2025,10,Fall/Autumn,138,Action thriller,R,0,0,6.6,3469,2,Streaming-flop
835,She Walks in Darkness,10/17/2025,2025,10,Fall/Autumn,108,Political thriller,R,0,0,6.6,3449,2,Streaming-flop
836,The Twits,10/17/2025,2025,10,Fall/Autumn,102,CGI animation comedy,PG,0,0,4.7,4031,3,Streaming-flop
837,The Elixir,10/23/2025,2025,10,Fall/Autumn,117,Zombie thriller,R,0,0,5.3,6139,3,Streaming-flop
838,A House of Dynamite,10/24/2025,2025,10,Fall/Autumn,115,Political thriller,R,0,0,6.4,111717,0,Streaming-flop
839,Ballad of a Small Player,10/29/2025,2025,10,Fall/Autumn,102,Psychological thriller,R,0,0,5.9,23316,2,Streaming-flop
840,Baramulla,11/7/2025,2025,11,Fall/Autumn,112,Horror,,0,0,,,2,Streaming-flop
841,Frankenstein,11/7/2025,2025,11,Fall/Autumn,152,Gothic science fiction,R,0,0,7.4,280653,5,Streaming-hit
842,Groom & Two Brides,11/7/2025,2025,11,Fall/Autumn,97,Comedy,,0,0,,,2,Streaming-flop
843,Mango,11/7/2025,2025,11,Fall/Autumn,96,Romance,Not Rated,0,0,5.7,2117,3,Streaming-flop
844,A Merry Little Ex-Mas,11/12/2025,2025,11,Fall/Autumn,91,Christmas romantic comedy,PG,0,0,5.3,10652,4,Streaming-hit
845,Tee Yai: Born to Be Bad,11/13/2025,2025,11,Fall/Autumn,117,Crime drama,R,0,0,5.2,340,0,Streaming-flop
846,In Your Dreams,11/14/2025,2025,11,Fall/Autumn,91,CGI animation fantasy,PG,0,0,6.5,6774,4,Streaming-hit
847,Lefter: The Story of the Ordinarius,11/14/2025,2025,11,Fall/Autumn,126,Drama,Not Rated,0,0,6.5,3353,0,Streaming-flop
848,Champagne Problems,11/19/2025,2025,11,Fall/Autumn,99,Christmas romantic comedy,PG-13,0,0,6,12778,3,Streaming-flop
849,The Son of a Thousand Men,11/19/2025,2025,11,Fall/Autumn,127,Drama,R,0,0,7.4,2170,1,Streaming-flop
850,The Follies,11/20/2025,2025,11,Fall/Autumn,121,Anthology drama,Not Rated,0,0,6.4,501,0,Streaming-flop
851,Train Dreams,11/21/2025,2025,11,Fall/Autumn,103,Drama,PG-13,0,0,7.5,83605,2,Streaming-flop
852,Jingle Bell Heist,11/26/2025,2025,11,Fall/Autumn,96,Christmas romantic comedy,PG-13,0,0,5.8,14153,3,Streaming-flop
853,Troll 2,12/1/2025,2025,12,Winter,104,Monster,PG-13,0,1,5.3,12401,7,Streaming-hit
854,My Secret Santa,12/3/2025,2025,12,Winter,92,Christmas romantic comedy,PG,0,0,5.6,9712,4,Streaming-hit
855,I Wish You Had Told Me,12/4/2025,2025,12,Winter,103,Drama,Not Rated,0,0,5.6,169,0,Streaming-flop
856,Jay Kelly,12/5/2025,2025,12,Winter,133,Comedy drama,R,0,0,6.5,36916,2,Streaming-flop
857,Love and Wine,12/5/2025,2025,12,Winter,109,Romantic comedy,Not Rated,0,0,5.4,335,0,Streaming-flop
858,Stephen,12/5/2025,2025,12,Winter,123,Crime drama,R,0,0,5.4,1533,0,Streaming-flop
859,The Night My Dad Saved Christmas 2,12/5/2025,2025,12,Winter,94,Comedy,Not Rated,0,0,4.6,348,2,Streaming-flop
860,Lost in the Spotlight,12/11/2025,2025,12,Winter,115,Comedy drama,Not Rated,0,0,5.7,253,0,Streaming-flop
861,The Fakenapping,12/11/2025,2025,12,Winter,86,Comedy,PG-13,0,0,4.2,377,0,Streaming-flop
862,Wake Up Dead Man: A Knives Out Mystery,12/12/2025,2025,12,Winter,146,Murder mystery,,0,0,,,5,Streaming-hit
863,10Dance,12/18/2025,2025,12,Winter,128,Romance,,0,0,,,0,Streaming-flop
864,A Time for Bravery,12/19/2025,2025,12,Winter,107,Comedy,R,0,0,6.2,1570,0,Streaming-flop
865,Raat Akeli Hai − The Bansal Murders,12/19/2025,2025,12,Winter,136,Crime drama,,0,0,,,0,Streaming-flop
866,The Great Flood,12/19/2025,2025,12,Winter,108,Dystopian action,R,0,0,5.4,22129,7,Streaming-hit
867,Goodbye June,12/24/2025,2025,12,Winter,116,Drama,R,0,0,6.7,9280,2,Streaming-flop
