Title,Release date,Year,Month,Season,runTime,Genre,MPAA_Rating,is_original,is_franchise,averageRating,numVotes,performance,Original,Franchise
Ghost Stories,1/1/2020,2020,1,Winter,144,Horror anthology,NR,0,0,4.5,6261,Streaming-flop,Non-Original,Non-Francise
A Fall from Grace,1/17/2020,2020,1,Winter,120,Thriller,NR,0,0,5.9,18626,Streaming-flop,Non-Original,Non-Francise
Airplane Mode,1/23/2020,2020,1,Winter,96,Comedy,NR,0,0,5.2,3235,Streaming-flop,Non-Original,Non-Francise
Horse Girl,2/7/2020,2020,2,Winter,104,Psychological drama,R,0,0,6,21793,Streaming-flop,Non-Original,Non-Francise
To All the Boys: P.S. I Still Love You,2/12/2020,2020,2,Winter,102,Teen romantic comedy,PG-13,0,1,6.1,53000,Streaming-flop,Non-Original,Francise
Isi & Ossi,2/14/2020,2020,2,Winter,113,Romantic comedy,Not Rated,0,0,6.4,11398,Streaming-flop,Non-Original,Non-Francise
The Last Thing He Wanted,2/21/2020,2020,2,Winter,115,Political thriller,R,0,0,4.4,17351,Streaming-flop,Non-Original,Non-Francise
Yeh Ballet,2/21/2020,2020,2,Winter,117,Drama,PG-13,0,0,7.5,1628,Streaming-flop,Non-Original,Non-Francise
All the Bright Places,2/28/2020,2020,2,Winter,108,Teen romance,R,0,0,6.6,44174,Streaming-flop,Non-Original,Non-Francise
Guilty,3/6/2020,2020,3,Spring,119,Thriller drama,Not Rated,0,0,5.4,4961,Streaming-flop,Non-Original,Non-Francise
Spenser Confidential,3/6/2020,2020,3,Spring,111,Action comedy,R,0,0,6.2,105879,Streaming-flop,Non-Original,Non-Francise
Lost Girls,3/13/2020,2020,3,Spring,95,Crime drama,R,0,0,6.2,27143,Streaming-flop,Non-Original,Non-Francise
Ultras,3/20/2020,2020,3,Spring,109,Sports,Not Rated,0,0,6.2,5813,Streaming-flop,Non-Original,Non-Francise
The Occupant,3/25/2020,2020,3,Spring,103,Thriller,R,0,0,6.4,21399,Streaming-flop,Non-Original,Non-Francise
Maska,3/27/2020,2020,3,Spring,111,Romantic comedy,Not Rated,0,0,5.9,1631,Streaming-flop,Non-Original,Non-Francise
The Decline,3/27/2020,2020,3,Spring,83,Action thriller,R,0,0,6,10556,Streaming-flop,Non-Original,Non-Francise
Uncorked,3/27/2020,2020,3,Spring,104,Drama,Not Rated,0,0,6.4,7421,Streaming-flop,Non-Original,Non-Francise
Coffee & Kareem,4/3/2020,2020,4,Spring,88,Action comedy,R,0,0,5.2,15285,Streaming-flop,Non-Original,Non-Francise
The Main Event,4/10/2020,2020,4,Spring,103,Sports comedy,Not Rated,0,0,4.8,2930,Streaming-flop,Non-Original,Non-Francise
Love Wedding Repeat,4/10/2020,2020,4,Spring,100,Romantic comedy,Not Rated,0,0,5.6,23163,Streaming-flop,Non-Original,Non-Francise
Tigertail,4/10/2020,2020,4,Spring,91,Drama,PG,0,0,6.6,3995,Streaming-flop,Non-Original,Non-Francise
Earth and Blood,4/17/2020,2020,4,Spring,80,Action,Not Rated,0,0,5.2,3068,Streaming-flop,Non-Original,Non-Francise
Rising High,4/17/2020,2020,4,Spring,94,Satire drama,Not Rated,0,0,6,6144,Streaming-flop,Non-Original,Non-Francise
Sergio,4/17/2020,2020,4,Spring,118,Biopic,R,0,0,6.2,11933,Streaming-flop,Non-Original,Non-Francise
The Willoughbys,4/22/2020,2020,4,Spring,92,Animated comedy,PG,0,0,6.4,23312,Streaming-flop,Non-Original,Non-Francise
Time to Hunt,4/23/2020,2020,4,Spring,135,Action thriller,Not Rated,0,0,6.3,7670,Streaming-flop,Non-Original,Non-Francise
Extraction,4/24/2020,2020,4,Spring,117,Action,R,1,0,6.8,287546,Streaming-flop,Original,Non-Francise
Dangerous Lies,4/30/2020,2020,4,Spring,97,Thriller,Not Rated,0,0,5.4,19953,Streaming-flop,Non-Original,Non-Francise
All Day and a Night,5/1/2020,2020,5,Spring,121,Drama,R,0,0,6,4802,Streaming-flop,Non-Original,Non-Francise
Mrs. Serial Killer,5/1/2020,2020,5,Spring,107,Crime,Not Rated,0,0,4,19136,Streaming-flop,Non-Original,Non-Francise
The Half of It,5/1/2020,2020,5,Spring,105,Teen romance,PG-13,0,0,6.9,47033,Streaming-flop,Non-Original,Non-Francise
The Wrong Missy,5/13/2020,2020,5,Spring,90,Black comedy,R,0,0,5.8,50196,Streaming-flop,Non-Original,Non-Francise
The Lovebirds,5/22/2020,2020,5,Spring,87,Romantic comedy,R,0,0,6.1,29043,Streaming-flop,Non-Original,Non-Francise
Intuition,5/28/2020,2020,5,Spring,116,Crime thriller,Not Rated,0,0,5.6,3339,Streaming-flop,Non-Original,Non-Francise
The Last Days of American Crime,6/5/2020,2020,6,Summer,149,Heist thriller,R,0,0,3.8,12917,Streaming-flop,Non-Original,Non-Francise
Da 5 Bloods,6/12/2020,2020,6,Summer,155,War drama,R,0,0,6.5,57349,Streaming-flop,Non-Original,Non-Francise
A Whisker Away,6/18/2020,2020,6,Summer,105,Anime fantasy,PG,0,0,6.7,17691,Streaming-flop,Non-Original,Non-Francise
Feel the Beat,6/19/2020,2020,6,Summer,109,Family / Comedy drama,G,0,0,6.3,15070,Streaming-flop,Non-Original,Non-Francise
Lost Bullet,6/19/2020,2020,6,Summer,93,Action,Not Rated,0,0,6.4,16640,Streaming-hit,Non-Original,Non-Francise
One-Way to Tomorrow,6/19/2020,2020,6,Summer,90,Romantic drama,Not Rated,0,0,5.6,5775,Streaming-flop,Non-Original,Non-Francise
Bulbbul,6/24/2020,2020,6,Summer,94,Horror,Not Rated,0,0,6.6,16354,Streaming-flop,Non-Original,Non-Francise
Nobody Knows I'm Here,6/24/2020,2020,6,Summer,91,Drama,Not Rated,0,0,6.5,5237,Streaming-flop,Non-Original,Non-Francise
Eurovision Song Contest: The Story of Fire Saga,6/26/2020,2020,6,Summer,123,Musical comedy,PG-13,0,0,6.5,108838,Streaming-flop,Non-Original,Non-Francise
Under the Riccione Sun,7/1/2020,2020,7,Summer,102,Romantic teenage drama,Not Rated,0,0,5.6,3494,Streaming-flop,Non-Original,Non-Francise
Desperados,7/3/2020,2020,7,Summer,106,Romantic comedy,Not Rated,0,0,5.2,11605,Streaming-flop,Non-Original,Non-Francise
The Old Guard,7/10/2020,2020,7,Summer,125,Superhero,R,0,0,6.7,208995,Streaming-flop,Non-Original,Non-Francise
The Players,7/15/2020,2020,7,Summer,88,Comedy,R,0,0,4.8,1989,Streaming-flop,Non-Original,Non-Francise
Fatal Affair,7/16/2020,2020,7,Summer,89,Psychological thriller,Not Rated,0,0,4.6,7288,Streaming-flop,Non-Original,Non-Francise
Offering to the Storm,7/24/2020,2020,7,Summer,139,Crime thriller,R,0,0,6.2,8364,Streaming-flop,Non-Original,Non-Francise
The Kissing Booth 2,7/24/2020,2020,7,Summer,132,Teen romantic comedy,PG-13,0,0,5.7,43374,Streaming-flop,Non-Original,Non-Francise
Seriously Single,7/31/2020,2020,7,Summer,107,Comedy,Not Rated,0,0,4.6,1398,Streaming-flop,Non-Original,Non-Francise
Raat Akeli Hai,7/31/2020,2020,7,Summer,149,Thriller,Not Rated,0,0,7.2,22543,Streaming-flop,Non-Original,Non-Francise
Work It,8/7/2020,2020,8,Summer,93,Dance comedy,PG-13,0,0,6.1,17760,Streaming-flop,Non-Original,Non-Francise
Gunjan Saxena: The Kargil Girl,8/12/2020,2020,8,Summer,112,Biographical drama,Not Rated,0,0,5.6,36226,Streaming-flop,Non-Original,Non-Francise
Project Power,8/14/2020,2020,8,Summer,113,Superhero,R,0,0,6,103227,Streaming-flop,Non-Original,Non-Francise
Fearless,8/14/2020,2020,8,Summer,91,Animation / Superhero,PG,0,0,5,2100,Streaming-flop,Non-Original,Non-Francise
Crazy Awesome Teachers,8/17/2020,2020,8,Summer,101,Comedy drama,Not Rated,0,0,6.2,611,Streaming-flop,Non-Original,Non-Francise
The Crimes That Bind,8/20/2020,2020,8,Summer,99,Crime drama,Not Rated,0,0,6.7,4872,Streaming-flop,Non-Original,Non-Francise
The Sleepover,8/21/2020,2020,8,Summer,103,Action comedy,PG-13,0,0,5.7,13288,Streaming-flop,Non-Original,Non-Francise
Class of '83,8/21/2020,2020,8,Summer,98,Crime / Drama,Not Rated,0,0,5.8,6214,Streaming-flop,Non-Original,Non-Francise
Dark Forces,8/21/2020,2020,8,Summer,81,Thriller,Not Rated,0,0,2.8,765,Streaming-flop,Non-Original,Non-Francise
All Together Now,8/28/2020,2020,8,Summer,93,Drama,PG,0,0,6.5,5443,Streaming-flop,Non-Original,Non-Francise
Unknown Origins,8/28/2020,2020,8,Summer,96,Thriller,Not Rated,0,0,6.1,8022,Streaming-flop,Non-Original,Non-Francise
"Love, Guaranteed",9/3/2020,2020,9,Fall/Autumn,91,Romantic comedy,PG,0,0,5.6,20295,Streaming-flop,Non-Original,Non-Francise
I'm Thinking of Ending Things,9/4/2020,2020,9,Fall/Autumn,134,Psychological thriller,R,0,0,6.5,109074,Streaming-flop,Non-Original,Non-Francise
The Babysitter: Killer Queen,9/10/2020,2020,9,Fall/Autumn,102,Comedy / Horror,R,0,1,5.8,59268,Streaming-flop,Non-Original,Francise
Dad Wanted,9/11/2020,2020,9,Fall/Autumn,103,Family,Not Rated,0,0,5.8,1261,Streaming-flop,Non-Original,Non-Francise
The Devil All The Time,9/16/2020,2020,9,Fall/Autumn,138,Psychological thriller,R,0,0,7.1,167814,Streaming-flop,Non-Original,Non-Francise
The Paramedic,9/16/2020,2020,9,Fall/Autumn,94,Thriller,Not Rated,0,0,5.7,16148,Streaming-flop,Non-Original,Non-Francise
Whipped,9/18/2020,2020,9,Fall/Autumn,97,Romantic comedy,Not Rated,0,0,4.2,702,Streaming-flop,Non-Original,Non-Francise
The Boys in the Band,9/30/2020,2020,9,Fall/Autumn,122,Drama,R,0,0,6.8,19396,Streaming-flop,Non-Original,Non-Francise
All Because of You,10/1/2020,2020,10,Fall/Autumn,101,Action comedy,Not Rated,0,0,4.1,297,Streaming-flop,Non-Original,Non-Francise
Serious Men,10/2/2020,2020,10,Fall/Autumn,114,Comedy drama,Not Rated,0,0,6.8,8637,Streaming-flop,Non-Original,Non-Francise
The Binding,10/2/2020,2020,10,Fall/Autumn,93,Horror,Not Rated,0,0,4.8,5192,Streaming-flop,Non-Original,Non-Francise
Vampires vs. the Bronx,10/2/2020,2020,10,Fall/Autumn,85,Horror comedy,PG-13,0,0,5.7,11946,Streaming-flop,Non-Original,Non-Francise
You've Got This,10/2/2020,2020,10,Fall/Autumn,111,Romantic comedy,Not Rated,0,0,5.9,1574,Streaming-flop,Non-Original,Non-Francise
Hubie Halloween,10/7/2020,2020,10,Fall/Autumn,103,Comedy,PG-13,0,0,5.3,67752,Streaming-flop,Non-Original,Non-Francise
Ginny Weds Sunny,10/9/2020,2020,10,Fall/Autumn,125,Romantic comedy,Not Rated,0,0,5.7,6004,Streaming-flop,Non-Original,Non-Francise
The Forty-Year-Old Version,10/9/2020,2020,10,Fall/Autumn,124,Comedy drama,R,0,0,7.2,5781,Streaming-flop,Non-Original,Non-Francise
A Babysitter's Guide to Monster Hunting,10/15/2020,2020,10,Fall/Autumn,98,Comedy / Fantasy / Family,PG,0,0,5.4,5377,Streaming-flop,Non-Original,Non-Francise
Love Like the Falling Rain,10/15/2020,2020,10,Fall/Autumn,86,Teen romantic drama,Not Rated,0,0,4.8,250,Streaming-flop,Non-Original,Non-Francise
The Trial of the Chicago 7,10/16/2020,2020,10,Fall/Autumn,130,Historical legal drama,R,0,0,7.7,204413,Streaming-flop,Non-Original,Non-Francise
Rebecca,10/21/2020,2020,10,Fall/Autumn,123,Romantic thriller,PG-13,1,1,6.1,50120,Streaming-flop,Original,Francise
Cadaver,10/22/2020,2020,10,Fall/Autumn,86,Horror,Not Rated,0,0,5.2,13446,Streaming-flop,Non-Original,Non-Francise
Over the Moon,10/23/2020,2020,10,Fall/Autumn,100,CGI animation musical fantasy,PG,0,0,6.3,26847,Streaming-flop,Non-Original,Non-Francise
Holidate,10/28/2020,2020,10,Fall/Autumn,104,Christmas romantic comedy,Not Rated,0,0,6.2,87585,Streaming-flop,Non-Original,Non-Francise
Nobody Sleeps in the Woods Tonight,10/28/2020,2020,10,Fall/Autumn,103,Horror,Not Rated,0,0,4.9,15952,Streaming-flop,Non-Original,Non-Francise
His House,10/30/2020,2020,10,Fall/Autumn,93,Thriller,NR,0,0,6.4,54202,Streaming-flop,Non-Original,Non-Francise
Kaali Khuhi,10/30/2020,2020,10,Fall/Autumn,90,Horror,Not Rated,0,0,3.7,1521,Streaming-flop,Non-Original,Non-Francise
Rogue City,10/30/2020,2020,10,Fall/Autumn,116,Crime,PG-13,0,0,6.1,10719,Streaming-flop,Non-Original,Non-Francise
Operation Christmas Drop,11/5/2020,2020,11,Fall/Autumn,96,Christmas romantic comedy,Not Rated,0,0,5.9,13997,Streaming-flop,Non-Original,Non-Francise
Citation,11/6/2020,2020,11,Fall/Autumn,151,Drama,Not Rated,0,0,6.1,1123,Streaming-flop,Non-Original,Non-Francise
What We Wanted,11/11/2020,2020,11,Fall/Autumn,93,Drama,Not Rated,0,0,5.9,2186,Streaming-flop,Non-Original,Non-Francise
Ludo,11/12/2020,2020,11,Fall/Autumn,150,Anthology / Dark comedy,PG-13,0,0,7.6,45974,Streaming-flop,Non-Original,Non-Francise
Jingle Jangle: A Christmas Journey,11/13/2020,2020,11,Fall/Autumn,119,Family / Christmas musical,PG,0,0,6.4,22138,Streaming-flop,Non-Original,Non-Francise
The Life Ahead,11/13/2020,2020,11,Fall/Autumn,95,Drama,PG-13,1,1,6.8,16367,Streaming-flop,Original,Francise
The Princess Switch: Switched Again,11/19/2020,2020,11,Fall/Autumn,97,Christmas romantic comedy,G,0,1,5.5,15141,Streaming-flop,Non-Original,Francise
Christmas on the Square,11/22/2020,2020,11,Fall/Autumn,98,Christmas musical,PG,0,0,5.2,3321,Streaming-flop,Non-Original,Non-Francise
Hillbilly Elegy,11/24/2020,2020,11,Fall/Autumn,117,Drama,R,0,0,6.7,60682,Streaming-flop,Non-Original,Non-Francise
Notes for My Son,11/24/2020,2020,11,Fall/Autumn,83,Drama,R,0,0,6.5,1106,Streaming-flop,Non-Original,Non-Francise
The Christmas Chronicles: Part Two,11/25/2020,2020,11,Fall/Autumn,115,Christmas comedy,PG,0,1,6,40778,Streaming-hit,Non-Original,Francise
The Beast,11/27/2020,2020,11,Fall/Autumn,99,Action thriller,Not Rated,0,0,5.2,5177,Streaming-flop,Non-Original,Non-Francise
The Call,11/27/2020,2020,11,Fall/Autumn,112,Psychological thriller,NR,1,1,7.1,52239,Streaming-flop,Original,Francise
Finding Agnes,11/30/2020,2020,11,Fall/Autumn,105,Drama,Not Rated,0,0,5,238,Streaming-flop,Non-Original,Non-Francise
Just Another Christmas,12/3/2020,2020,12,Winter,101,Christmas comedy,Not Rated,0,0,6.7,6308,Streaming-flop,Non-Original,Non-Francise
Christmas Crossfire,12/4/2020,2020,12,Winter,106,Christmas thriller,Not Rated,0,0,4.8,1738,Streaming-flop,Non-Original,Non-Francise
Leyla Everlasting,12/4/2020,2020,12,Winter,112,Comedy,Not Rated,0,0,3.7,8296,Streaming-flop,Non-Original,Non-Francise
Mank,12/4/2020,2020,12,Winter,132,Biopic,R,0,0,6.8,103831,Streaming-flop,Non-Original,Non-Francise
The Claus Family,12/7/2020,2020,12,Winter,97,Christmas fantasy,Not Rated,0,0,5.6,3517,Streaming-hit,Non-Original,Non-Francise
Rose Island,12/9/2020,2020,12,Winter,118,Comedy drama,Not Rated,0,0,7,27450,Streaming-flop,Non-Original,Non-Francise
The Prom,12/11/2020,2020,12,Winter,132,Musical,PG-13,0,0,5.9,30464,Streaming-flop,Non-Original,Non-Francise
A California Christmas,12/14/2020,2020,12,Winter,107,Christmas romantic comedy,PG-13,0,0,5.9,12437,Streaming-flop,Non-Original,Non-Francise
Ma Rainey's Black Bottom,12/18/2020,2020,12,Winter,94,Drama,R,1,0,6.9,77172,Streaming-flop,Original,Non-Francise
The Midnight Sky,12/23/2020,2020,12,Winter,118,Science fiction,PG-13,0,0,5.7,93957,Streaming-flop,Non-Original,Non-Francise
AK vs AK,12/24/2020,2020,12,Winter,109,Black comedy thriller,Not Rated,0,0,6.9,15785,Streaming-flop,Non-Original,Non-Francise
We Can Be Heroes,12/25/2020,2020,12,Winter,100,Superhero,PG,0,0,4.7,19374,Streaming-flop,Non-Original,Non-Francise
What Happened to Mr. Cha?,1/1/2021,2021,1,Winter,102,Comedy,NR,0,0,4.4,423,Streaming-flop,Non-Original,Non-Francise
Stuck Apart,1/8/2021,2021,1,Winter,96,Drama,R,0,0,6,11847,Streaming-flop,Non-Original,Non-Francise
The Heartbreak Club,1/14/2021,2021,1,Winter,101,Comedy drama,NR,0,0,6.3,243,Streaming-flop,Non-Original,Non-Francise
Double Dad,1/15/2021,2021,1,Winter,105,Comedy drama,NR,0,0,5.7,1654,Streaming-flop,Non-Original,Non-Francise
Outside the Wire,1/15/2021,2021,1,Winter,115,Action / science fiction,R,0,0,5.4,48182,Streaming-flop,Non-Original,Non-Francise
The White Tiger,1/22/2021,2021,1,Winter,125,Drama,R,0,0,7.1,69488,Streaming-flop,Non-Original,Non-Francise
The Dig,1/29/2021,2021,1,Winter,112,Drama,PG-13,0,0,7.1,88903,Streaming-flop,Non-Original,Non-Francise
Below Zero,1/29/2021,2021,1,Winter,106,Drama,R,0,0,6.2,22830,Streaming-flop,Non-Original,Non-Francise
Malcolm & Marie,2/5/2021,2021,2,Winter,106,Romantic drama,R,0,0,6.6,43258,Streaming-flop,Non-Original,Non-Francise
Space Sweepers,2/5/2021,2021,2,Winter,136,Science fiction,R,0,0,6.5,30938,Streaming-flop,Non-Original,Non-Francise
The Misadventures of Hedi and Cokeman,2/10/2021,2021,2,Winter,99,Comedy,NR,0,0,4.5,838,Streaming-flop,Non-Original,Non-Francise
Red Dot,2/11/2021,2021,2,Winter,86,Thriller,NR,0,0,5.5,15814,Streaming-flop,Non-Original,Non-Francise
Squared Love,2/11/2021,2021,2,Winter,102,Romantic comedy,NR,0,0,5.1,4073,Streaming-flop,Non-Original,Non-Francise
To All the Boys: Always and Forever,2/12/2021,2021,2,Winter,115,Romantic comedy,PG-13,0,0,6.3,39005,Streaming-flop,Non-Original,Non-Francise
Geez & Ann,2/25/2021,2021,2,Winter,105,Romantic drama,PG,0,0,5.2,367,Streaming-flop,Non-Original,Non-Francise
Crazy About Her,2/26/2021,2021,2,Winter,102,Romantic comedy,Not Rated,0,0,6.6,6906,Streaming-flop,Non-Original,Non-Francise
The Girl on the Train,2/26/2021,2021,2,Winter,120,Thriller,Not Rated,1,1,4,15344,Streaming-flop,Original,Francise
Moxie,3/3/2021,2021,3,Spring,111,Drama,PG-13,0,0,6.7,30503,Streaming-flop,Non-Original,Non-Francise
Sentinelle,3/5/2021,2021,3,Spring,80,Action,NR,0,0,4.8,9164,Streaming-flop,Non-Original,Non-Francise
Yes Day,3/12/2021,2021,3,Spring,89,Comedy,PG,0,0,5.7,34559,Streaming-flop,Non-Original,Non-Francise
Paper Lives,3/12/2021,2021,3,Spring,97,Drama,NR,0,0,6.6,14922,Streaming-flop,Non-Original,Non-Francise
Get the Goat,3/18/2021,2021,3,Spring,98,Comedy,NR,0,0,6,2174,Streaming-flop,Non-Original,Non-Francise
Caught by a Wave,3/25/2021,2021,3,Spring,99,Romantic teen drama,NR,0,0,5.8,1685,Streaming-flop,Non-Original,Non-Francise
A Week Away,3/26/2021,2021,3,Spring,97,Christian musical,NR,0,0,5.8,5990,Streaming-flop,Non-Original,Non-Francise
Bad Trip,3/26/2021,2021,3,Spring,86,Hidden-camera prank comedy,R,0,0,6.5,28930,Streaming-flop,Non-Original,Non-Francise
Pagglait,3/26/2021,2021,3,Spring,114,Comedy drama,NR,0,0,6.9,11949,Streaming-flop,Non-Original,Non-Francise
Just Say Yes,4/2/2021,2021,4,Spring,97,Romantic comedy,NR,0,0,4.6,2247,Streaming-flop,Non-Original,Non-Francise
Madame Claude,4/2/2021,2021,4,Spring,112,Drama,NR,0,0,5.5,4420,Streaming-flop,Non-Original,Non-Francise
Have You Ever Seen Fireflies?,4/9/2021,2021,4,Spring,114,Comedy,NR,0,0,6.2,5991,Streaming-flop,Non-Original,Non-Francise
Thunder Force,4/9/2021,2021,4,Spring,107,Superhero comedy,PG-13,0,0,4.6,48257,Streaming-flop,Non-Original,Non-Francise
Prime Time,4/14/2021,2021,4,Spring,92,Thriller,R,0,0,5.2,2083,Streaming-flop,Non-Original,Non-Francise
Ride or Die,4/15/2021,2021,4,Spring,142,Psychological thriller drama,R,0,0,5.6,3001,Streaming-flop,Non-Original,Non-Francise
Ajeeb Daastaans,4/16/2021,2021,4,Spring,142,Drama,NR,0,0,6.7,7187,Streaming-flop,Non-Original,Non-Francise
Get the Grift,4/28/2021,2021,4,Spring,95,Comedy,NR,0,0,5.4,932,Streaming-flop,Non-Original,Non-Francise
Things Heard & Seen,4/29/2021,2021,4,Spring,121,Horror,NR,0,0,5.3,40218,Streaming-flop,Non-Original,Non-Francise
Oxygen,5/12/2021,2021,5,Spring,101,Science fiction thriller,Not Rated,0,0,6.5,47900,Streaming-flop,Non-Original,Non-Francise
Ferry,5/14/2021,2021,5,Spring,107,Crime drama,R,0,0,7,15130,Streaming-flop,Non-Original,Non-Francise
I Am All Girls,5/14/2021,2021,5,Spring,107,Thriller,NR,0,0,6,7906,Streaming-flop,Non-Original,Non-Francise
The Woman in the Window,5/14/2021,2021,5,Spring,101,Psychological thriller,R,0,0,5.7,89605,Streaming-flop,Non-Original,Non-Francise
Sardar Ka Grandson,5/18/2021,2021,5,Spring,139,Comedy,NR,0,0,4.3,5505,Streaming-flop,Non-Original,Non-Francise
Army of the Dead,5/21/2021,2021,5,Spring,148,Zombie/heist,R,0,0,5.8,199954,Streaming-flop,Non-Original,Non-Francise
Baggio: The Divine Ponytail,5/26/2021,2021,5,Spring,92,Biopic,NR,0,0,6.1,5646,Streaming-flop,Non-Original,Non-Francise
Ghost Lab,5/26/2021,2021,5,Spring,117,Horror,NR,0,0,5.2,1837,Streaming-flop,Non-Original,Non-Francise
Blue Miracle,5/27/2021,2021,5,Spring,96,Drama,NR,0,0,6.6,8691,Streaming-flop,Non-Original,Non-Francise
Carnaval,6/2/2021,2021,6,Summer,95,Comedy,NR,0,0,4.2,1120,Streaming-flop,Non-Original,Non-Francise
Dancing Queens,6/3/2021,2021,6,Summer,111,Drama,NR,0,0,5.8,2361,Streaming-flop,Non-Original,Non-Francise
Sweet & Sour,6/4/2021,2021,6,Summer,102,Romantic drama,NR,0,0,6.6,4000,Streaming-flop,Non-Original,Non-Francise
Trippin' with the Kandasamys,6/4/2021,2021,6,Summer,93,Comedy,NR,0,0,5.3,479,Streaming-flop,Non-Original,Non-Francise
Xtreme,6/4/2021,2021,6,Summer,112,Action,NR,0,0,5.8,5578,Streaming-hit,Non-Original,Non-Francise
Awake,6/9/2021,2021,6,Summer,97,Science fiction thriller,R,0,0,4.9,28697,Streaming-flop,Non-Original,Non-Francise
Skater Girl,6/11/2021,2021,6,Summer,109,Coming-of-age sports drama,PG,0,0,6.7,8272,Streaming-flop,Non-Original,Non-Francise
Jagame Thandhiram,6/18/2021,2021,6,Summer,158,Action thriller,Not Rated,0,0,5.8,13058,Streaming-flop,Non-Original,Non-Francise
Good on Paper,6/23/2021,2021,6,Summer,94,Comedy,R,0,0,5.6,15082,Streaming-flop,Non-Original,Non-Francise
America: The Motion Picture,6/30/2021,2021,6,Summer,98,Animation / comedy / historical fiction,R,0,0,5.6,8001,Streaming-flop,Non-Original,Non-Francise
The 8th Night,7/2/2021,2021,7,Summer,115,Thriller film,Not Rated,0,0,5.4,5292,Streaming-flop,Non-Original,Non-Francise
Haseen Dillruba,7/2/2021,2021,7,Summer,135,Romantic thriller,R,0,0,6.9,34939,Streaming-hit,Non-Original,Non-Francise
Last Summer,7/9/2021,2021,7,Summer,101,Romantic drama,Not Rated,0,0,6.2,4209,Streaming-flop,Non-Original,Non-Francise
A Classic Horror Story,7/14/2021,2021,7,Summer,95,Horror,NC-17,0,0,5.7,24556,Streaming-flop,Non-Original,Non-Francise
A Perfect Fit,7/15/2021,2021,7,Summer,112,Romantic comedy / drama,Not Rated,0,0,5.4,792,Streaming-flop,Non-Original,Non-Francise
My Amanda,7/15/2021,2021,7,Summer,89,Romance,Not Rated,0,0,5.9,420,Streaming-flop,Non-Original,Non-Francise
Deep,7/16/2021,2021,7,Summer,101,Science fiction,Not Rated,0,0,5,2053,Streaming-flop,Non-Original,Non-Francise
Blood Red Sky,7/23/2021,2021,7,Summer,123,Thriller,Not Rated,0,0,6.1,60080,Streaming-hit,Non-Original,Non-Francise
Bankrolled,7/23/2021,2021,7,Summer,97,Comedy,Not Rated,0,0,4.2,376,Streaming-flop,Non-Original,Non-Francise
Bartkowiak,7/28/2021,2021,7,Summer,91,Action,Not Rated,0,0,5.1,1553,Streaming-flop,Non-Original,Non-Francise
Resort to Love,7/29/2021,2021,7,Summer,101,Romantic comedy,Not Rated,0,0,5.7,7402,Streaming-hit,Non-Original,Non-Francise
The Last Mercenary,7/30/2021,2021,7,Summer,112,Action comedy,Not Rated,0,0,5.3,10404,Streaming-hit,Non-Original,Non-Francise
The Kissing Booth 3,8/11/2021,2021,8,Summer,113,Comedy drama,PG-13,0,1,4.8,26538,Streaming-flop,Non-Original,Francise
Beckett,8/13/2021,2021,8,Summer,110,Action thriller,R,0,0,5.7,30468,Streaming-flop,Non-Original,Non-Francise
Black Island,8/18/2021,2021,8,Summer,104,Thriller,Not Rated,0,0,5.2,3707,Streaming-flop,Non-Original,Non-Francise
The Secret Diary of an Exchange Student,8/18/2021,2021,8,Summer,96,Romantic comedy,Not Rated,0,0,5.5,1202,Streaming-hit,Non-Original,Non-Francise
Sweet Girl,8/20/2021,2021,8,Summer,110,Action,R,0,0,5.5,37965,Streaming-hit,Non-Original,Non-Francise
The Loud House Movie,8/20/2021,2021,8,Summer,87,Animation comedy,G,0,0,6,3454,Streaming-flop,Non-Original,Non-Francise
The Witcher: Nightmare of the Wolf,8/23/2021,2021,8,Summer,83,Animated dark fantasy,R,0,0,7.2,54885,Streaming-flop,Non-Original,Non-Francise
He's All That,8/27/2021,2021,8,Summer,91,Teen romantic comedy,Not Rated,1,1,4.4,32215,Streaming-flop,Original,Francise
Afterlife of the Party,9/2/2021,2021,9,Fall/Autumn,109,Comedy,Not Rated,0,0,5.8,11657,Streaming-flop,Non-Original,Non-Francise
JJ+E,9/8/2021,2021,9,Fall/Autumn,91,Romance,Not Rated,0,0,5.4,2911,Streaming-flop,Non-Original,Non-Francise
Kate,9/10/2021,2021,9,Fall/Autumn,106,Action thriller,R,0,0,6.3,76505,Streaming-hit,Non-Original,Non-Francise
Prey,9/10/2021,2021,9,Fall/Autumn,87,Thriller,Not Rated,0,0,4.4,10282,Streaming-flop,Non-Original,Non-Francise
Nightbooks,9/15/2021,2021,9,Fall/Autumn,100,Fantasy/horror,NR,0,0,5.8,11480,Streaming-flop,Non-Original,Non-Francise
Ankahi Kahaniya,9/17/2021,2021,9,Fall/Autumn,110,Anthology film,Not Rated,0,0,5.6,1070,Streaming-flop,Non-Original,Non-Francise
Confessions of an Invisible Girl,9/22/2021,2021,9,Fall/Autumn,91,Drama,Not Rated,0,0,5.3,1603,Streaming-hit,Non-Original,Non-Francise
Intrusion,9/22/2021,2021,9,Fall/Autumn,93,Thriller,Not Rated,0,0,5.3,24484,Streaming-flop,Non-Original,Non-Francise
The Starling,9/24/2021,2021,9,Fall/Autumn,104,Comedy drama,PG-13,0,0,6.4,16954,Streaming-flop,Non-Original,Non-Francise
Friendzone,9/29/2021,2021,9,Fall/Autumn,88,Romantic comedy,Not Rated,0,0,5.9,4857,Streaming-hit,Non-Original,Non-Francise
No One Gets Out Alive,9/29/2021,2021,9,Fall/Autumn,85,Horror,R,0,0,5.4,24348,Streaming-flop,Non-Original,Non-Francise
Sounds Like Love,9/29/2021,2021,9,Fall/Autumn,110,Romantic comedy,Not Rated,0,0,5.4,3013,Streaming-flop,Non-Original,Non-Francise
Forever Rich,10/1/2021,2021,10,Fall/Autumn,90,Thriller,R,0,0,5.6,1827,Streaming-flop,Non-Original,Non-Francise
Swallow,10/1/2021,2021,10,Fall/Autumn,128,Drama,Not Rated,0,0,4.1,246,Streaming-flop,Non-Original,Non-Francise
The Guilty,10/1/2021,2021,10,Fall/Autumn,91,Thriller,R,1,1,6.3,173014,Streaming-hit,Original,Francise
There's Someone Inside Your House,10/6/2021,2021,10,Fall/Autumn,96,Slasher,NR,0,0,4.9,22332,Streaming-flop,Non-Original,Non-Francise
Grudge,10/8/2021,2021,10,Fall/Autumn,106,Thriller,Not Rated,0,0,5.5,5216,Streaming-hit,Non-Original,Non-Francise
"My Brother, My Sister",10/8/2021,2021,10,Fall/Autumn,110,Drama,Not Rated,0,0,6.1,1294,Streaming-flop,Non-Original,Non-Francise
Bright: Samurai Soul,10/12/2021,2021,10,Fall/Autumn,80,Anime/fantasy,PG-13,0,0,5.5,1253,Streaming-flop,Non-Original,Non-Francise
Fever Dream,10/13/2021,2021,10,Fall/Autumn,93,Drama,R,0,0,5.4,2686,Streaming-flop,Non-Original,Non-Francise
Operation Hyacinth,10/13/2021,2021,10,Fall/Autumn,112,Drama,Not Rated,0,0,6.8,4984,Streaming-flop,Non-Original,Non-Francise
A World Without,10/14/2021,2021,10,Fall/Autumn,107,Science fiction / teen drama,Not Rated,0,0,3.9,484,Streaming-flop,Non-Original,Non-Francise
The Four of Us,10/15/2021,2021,10,Fall/Autumn,88,Comedy,Not Rated,0,0,5.4,1683,Streaming-flop,Non-Original,Non-Francise
Night Teeth,10/20/2021,2021,10,Fall/Autumn,108,Thriller,R,0,0,5.7,24208,Streaming-flop,Non-Original,Non-Francise
Stuck Together,10/20/2021,2021,10,Fall/Autumn,126,Comedy,Not Rated,0,0,6.3,8439,Streaming-hit,Non-Original,Non-Francise
Little Big Mouth,10/22/2021,2021,10,Fall/Autumn,94,Romantic comedy,Not Rated,0,0,4.3,228,Streaming-flop,Non-Original,Non-Francise
Hypnotic,10/27/2021,2021,10,Fall/Autumn,89,Thriller,Not Rated,0,0,5.3,22061,Streaming-flop,Non-Original,Non-Francise
Army of Thieves,10/29/2021,2021,10,Fall/Autumn,129,Romantic comedy / heist,R,0,0,6.4,97270,Streaming-hit,Non-Original,Non-Francise
The Harder They Fall,11/3/2021,2021,11,Fall/Autumn,139,Western,R,0,0,6.6,77109,Streaming-flop,Non-Original,Non-Francise
Love Hard,11/5/2021,2021,11,Fall/Autumn,106,Romantic comedy,Not Rated,0,0,6.3,68436,Streaming-hit,Non-Original,Non-Francise
Meenakshi Sundareshwar,11/5/2021,2021,11,Fall/Autumn,141,Romantic comedy,Not Rated,0,0,6.6,18995,Streaming-flop,Non-Original,Non-Francise
We Couldn't Become Adults,11/5/2021,2021,11,Fall/Autumn,124,Drama,Not Rated,0,0,6.5,1203,Streaming-flop,Non-Original,Non-Francise
Yara,11/5/2021,2021,11,Fall/Autumn,96,Drama,Not Rated,0,0,6.3,7447,Streaming-hit,Non-Original,Non-Francise
Father Christmas Is Back,11/7/2021,2021,11,Fall/Autumn,105,Comedy,Not Rated,0,0,4.6,8240,Streaming-flop,Non-Original,Non-Francise
Happiness Ever After,11/10/2021,2021,11,Fall/Autumn,99,Romantic drama,R,0,1,4.7,221,Streaming-flop,Non-Original,Francise
Passing,11/10/2021,2021,11,Fall/Autumn,99,Drama,PG-13,0,0,6.6,17588,Streaming-flop,Non-Original,Non-Francise
7 Prisoners,11/11/2021,2021,11,Fall/Autumn,94,Drama,Not Rated,0,0,7.1,10310,Streaming-flop,Non-Original,Non-Francise
Red Notice,11/12/2021,2021,11,Fall/Autumn,117,Action comedy,PG-13,0,0,6.3,351936,Streaming-hit,Non-Original,Non-Francise
Just Short of Perfect,11/18/2021,2021,11,Fall/Autumn,94,Romantic comedy,Not Rated,0,0,5.5,1408,Streaming-flop,Non-Original,Non-Francise
Dhamaka,11/19/2021,2021,11,Fall/Autumn,104,Action thriller,Not Rated,1,1,6.7,43940,Streaming-flop,Original,Francise
Love Me Instead,11/19/2021,2021,11,Fall/Autumn,124,Drama,Not Rated,0,0,7,3582,Streaming-flop,Non-Original,Non-Francise
"Tick, Tick... Boom!",11/19/2021,2021,11,Fall/Autumn,115,Musical,PG-13,0,0,7.5,128041,Streaming-flop,Non-Original,Non-Francise
A Castle for Christmas,11/26/2021,2021,11,Fall/Autumn,99,Romantic comedy,G,0,0,5.6,17240,Streaming-flop,Non-Original,Non-Francise
The Power of the Dog,12/1/2021,2021,12,Winter,128,Drama,R,0,0,6.8,221465,Streaming-flop,Non-Original,Non-Francise
Single All the Way,12/2/2021,2021,12,Winter,101,Holiday romantic comedy,Not Rated,0,0,6.2,21789,Streaming-flop,Non-Original,Non-Francise
The Whole Truth,12/2/2021,2021,12,Winter,125,Horror,R,0,0,5.3,5084,Streaming-hit,Non-Original,Non-Francise
Mixtape,12/3/2021,2021,12,Winter,97,Coming-of-age comedy drama,Not Rated,0,0,6.6,4513,Streaming-flop,Non-Original,Non-Francise
David and the Elves,12/6/2021,2021,12,Winter,106,Fantasy,Not Rated,0,0,5.3,1034,Streaming-flop,Non-Original,Non-Francise
The Claus Family 2,12/7/2021,2021,12,Winter,97,Fantasy,Not Rated,0,0,5.6,1240,Streaming-flop,Non-Original,Non-Francise
Asakusa Kid,12/9/2021,2021,12,Winter,123,Drama,Not Rated,0,0,7.2,2007,Streaming-flop,Non-Original,Non-Francise
Anonymously Yours,12/10/2021,2021,12,Winter,101,Romantic comedy,R,0,0,5.8,2776,Streaming-hit,Non-Original,Non-Francise
Back to the Outback,12/10/2021,2021,12,Winter,95,CGI animation comedy,PG,0,0,6.5,12321,Streaming-hit,Non-Original,Non-Francise
The Unforgivable,12/10/2021,2021,12,Winter,114,Drama,R,0,0,7.2,127401,Streaming-hit,Non-Original,Non-Francise
The Hand of God,12/15/2021,2021,12,Winter,130,Drama,R,0,0,7.3,53929,Streaming-flop,Non-Original,Non-Francise
A Naija Christmas,12/16/2021,2021,12,Winter,121,Romantic comedy,Not Rated,0,0,5,499,Streaming-flop,Non-Original,Non-Francise
Grumpy Christmas,12/21/2021,2021,12,Winter,87,Comedy,Not Rated,0,0,4.5,492,Streaming-flop,Non-Original,Non-Francise
1000 Miles from Christmas,12/24/2021,2021,12,Winter,102,Christmas film,Not Rated,0,0,5.9,2321,Streaming-flop,Non-Original,Non-Francise
Don't Look Up,12/24/2021,2021,12,Winter,138,Science fiction comedy,R,0,0,7.1,665319,Streaming-hit,Non-Original,Non-Francise
Lulli,12/26/2021,2021,12,Winter,90,Comedy,Not Rated,0,0,4.9,2064,Streaming-flop,Non-Original,Non-Francise
How I Fell in Love with a Gangster,1/12/2022,2022,1,Winter,179,Drama,NR,0,0,6.1,3236,Streaming-hit,Non-Original,Non-Francise
Brazen,1/13/2022,2022,1,Winter,96,Romantic thriller,Not Rated,0,0,4.2,14723,Streaming-flop,Non-Original,Non-Francise
The Royal Treatment,1/20/2022,2022,1,Winter,97,Romance,Not Rated,0,0,5.3,12642,Streaming-flop,Non-Original,Non-Francise
Amandla,1/21/2022,2022,1,Winter,106,Drama,Not Rated,0,0,5.6,485,Streaming-flop,Non-Original,Non-Francise
My Father's Violin,1/21/2022,2022,1,Winter,112,Drama,Not Rated,0,0,6.5,4441,Streaming-flop,Non-Original,Non-Francise
Home Team,1/28/2022,2022,1,Winter,97,Sports comedy,PG,0,0,6,24119,Streaming-flop,Non-Original,Non-Francise
Looop Lapeta,2/4/2022,2022,2,Winter,131,Romantic thriller,R,1,1,5.2,5356,Streaming-flop,Original,Francise
Through My Window,2/4/2022,2022,2,Winter,113,Drama,R,0,0,5.5,24816,Streaming-hit,Non-Original,Non-Francise
The Privilege,2/9/2022,2022,2,Winter,107,Horror,R,0,0,4.7,6790,Streaming-flop,Non-Original,Non-Francise
Into the Wind,2/10/2022,2022,2,Winter,108,Romantic drama,Not Rated,0,0,5.3,1370,Streaming-flop,Non-Original,Non-Francise
Love and Leashes,2/11/2022,2022,2,Winter,118,Romantic comedy,R,0,0,6.3,7909,Streaming-flop,Non-Original,Non-Francise
Love Tactics,2/11/2022,2022,2,Winter,98,Romantic comedy,Not Rated,0,0,5.4,7080,Streaming-hit,Non-Original,Non-Francise
Tall Girl 2,2/11/2022,2022,2,Winter,101,Teen romantic comedy,Not Rated,0,1,4.7,7612,Streaming-flop,Non-Original,Francise
Fistful of Vengeance,2/17/2022,2022,2,Winter,96,Supernatural martial arts drama,R,0,0,4.5,8083,Streaming-flop,Non-Original,Non-Francise
Texas Chainsaw Massacre,2/18/2022,2022,2,Winter,83,Slasher,R,1,1,4.7,69641,Streaming-flop,Original,Francise
UFO,2/23/2022,2022,2,Winter,110,Drama,Not Rated,0,0,5.1,2907,Streaming-flop,Non-Original,Non-Francise
Restless,2/25/2022,2022,2,Winter,96,Action thriller,R,1,1,5.8,5994,Streaming-hit,Original,Francise
Against the Ice,3/2/2022,2022,3,Spring,103,Survival,R,0,0,6.5,31544,Streaming-flop,Non-Original,Non-Francise
The Weekend Away,3/3/2022,2022,3,Spring,91,Thriller,PG-13,0,0,5.7,35694,Streaming-flop,Non-Original,Non-Francise
The Adam Project,3/11/2022,2022,3,Spring,106,Science fiction,PG-13,0,0,6.7,255832,Streaming-hit,Non-Original,Non-Francise
Rescued by Ruby,3/17/2022,2022,3,Spring,93,Drama,G,0,0,7.2,13479,Streaming-flop,Non-Original,Non-Francise
Black Crab,3/18/2022,2022,3,Spring,114,Thriller,R,0,0,5.7,28507,Streaming-hit,Non-Original,Non-Francise
Windfall,3/18/2022,2022,3,Spring,92,Thriller,R,0,0,5.7,28516,Streaming-flop,Non-Original,Non-Francise
In Good Hands,3/21/2022,2022,3,Spring,104,Romantic comedy,Not Rated,0,0,5.8,4671,Streaming-hit,Non-Original,Non-Francise
Love Like the Falling Petals,3/24/2022,2022,3,Spring,129,Drama,Not Rated,0,0,6.6,1074,Streaming-flop,Non-Original,Non-Francise
All Hail,3/30/2022,2022,3,Spring,118,Drama,Not Rated,0,0,5.6,4440,Streaming-hit,Non-Original,Non-Francise
Battle: Freestyle,4/1/2022,2022,4,Spring,88,Romantic drama,Not Rated,0,1,4.7,727,Streaming-flop,Non-Original,Francise
The Bubble,4/1/2022,2022,4,Spring,126,Comedy,R,0,1,4.7,30317,Streaming-flop,Non-Original,Francise
Cobalt Blue,4/2/2022,2022,4,Spring,112,Romantic drama,Not Rated,0,0,6.6,2798,Streaming-flop,Non-Original,Non-Francise
Dancing on Glass,4/8/2022,2022,4,Spring,139,Drama,Not Rated,0,0,5.6,1142,Streaming-flop,Non-Original,Non-Francise
Metal Lords,4/8/2022,2022,4,Spring,98,Musical comedy drama,R,0,0,6.7,36487,Streaming-flop,Non-Original,Non-Francise
Yaksha: Ruthless Operations,4/8/2022,2022,4,Spring,125,Spy,Not Rated,0,0,6.3,5248,Streaming-hit,Non-Original,Non-Francise
Choose or Die,4/15/2022,2022,4,Spring,85,Horror,NR,0,0,4.8,28697,Streaming-flop,Non-Original,Non-Francise
Man of God,4/16/2022,2022,4,Spring,111,Drama,Not Rated,0,0,4,227,Streaming-flop,Non-Original,Non-Francise
365 Days: This Day,4/27/2022,2022,4,Spring,111,Erotic thriller,R,0,1,2.7,28005,Streaming-hit,Non-Original,Francise
Silverton Siege,4/27/2022,2022,4,Spring,101,Action thriller,PG-13,0,0,6.3,4803,Streaming-flop,Non-Original,Non-Francise
Bubble,4/28/2022,2022,4,Spring,101,Anime,PG,0,0,6.4,9615,Streaming-flop,Non-Original,Non-Francise
Along for the Ride,5/6/2022,2022,5,Spring,107,Drama,Not Rated,0,0,6.2,10601,Streaming-flop,Non-Original,Non-Francise
The Takedown,5/6/2022,2022,5,Spring,121,Action comedy,Not Rated,0,0,5.8,9586,Streaming-hit,Non-Original,Non-Francise
Thar,5/6/2022,2022,5,Spring,108,Western thriller,Not Rated,0,0,6.1,8324,Streaming-flop,Non-Original,Non-Francise
Senior Year,5/13/2022,2022,5,Spring,113,Comedy,R,0,0,5.5,47863,Streaming-hit,Non-Original,Non-Francise
Toscana,5/18/2022,2022,5,Spring,90,Drama,Not Rated,0,0,6.1,84,Streaming-hit,Non-Original,Non-Francise
A Perfect Pairing,5/19/2022,2022,5,Spring,102,Romantic comedy,PG,0,0,6.1,19293,Streaming-hit,Non-Original,Non-Francise
F*ck Love Too,5/20/2022,2022,5,Spring,92,Romantic comedy,Not Rated,0,0,3.9,1522,Streaming-hit,Non-Original,Non-Francise
Godspeed,5/23/2022,2022,5,Spring,119,Drama,Not Rated,0,0,6.5,3721,Streaming-flop,Non-Original,Non-Francise
Interceptor,6/3/2022,2022,6,Summer,98,Action drama,Not Rated,0,0,4.7,29442,Streaming-flop,Non-Original,Non-Francise
Hustle,6/8/2022,2022,6,Summer,118,Sports,R,0,0,7.3,162766,Streaming-hit,Non-Original,Non-Francise
Heart Parade,6/15/2022,2022,6,Summer,108,Romantic comedy,Not Rated,0,0,5.1,881,Streaming-flop,Non-Original,Non-Francise
The Wrath of God,6/15/2022,2022,6,Summer,98,Thriller,Not Rated,0,0,5.8,5565,Streaming-flop,Non-Original,Non-Francise
Spiderhead,6/17/2022,2022,6,Summer,107,Science fiction action thriller,R,0,0,5.5,72501,Streaming-flop,Non-Original,Non-Francise
Doom of Love,6/20/2022,2022,6,Summer,100,Drama,Not Rated,0,0,4.9,2813,Streaming-flop,Non-Original,Non-Francise
Love & Gelato,6/22/2022,2022,6,Summer,112,Romance,PG-13,0,0,5.2,7332,Streaming-flop,Non-Original,Non-Francise
Blasted,6/28/2022,2022,6,Summer,115,Science fiction / comedy,Not Rated,0,0,4.8,2762,Streaming-flop,Non-Original,Non-Francise
Beauty,6/29/2022,2022,6,Summer,95,Drama,R,0,0,4.2,928,Streaming-flop,Non-Original,Non-Francise
Dangerous Liaisons,7/8/2022,2022,7,Summer,109,Romantic drama,R,0,0,4.2,2694,Streaming-hit,Non-Original,Non-Francise
Jewel,7/8/2022,2022,7,Summer,80,Drama,R,0,0,3.5,185,Streaming-flop,Non-Original,Non-Francise
The Sea Beast,7/8/2022,2022,7,Summer,119,CGI animation adventure,PG,0,0,7,64752,Streaming-hit,Non-Original,Non-Francise
For Jojo,7/11/2022,2022,7,Summer,90,Drama,R,0,0,4,372,Streaming-flop,Non-Original,Non-Francise
Under the Amalfi Sun,7/13/2022,2022,7,Summer,90,Comedy drama,PG-13,0,0,5.4,1633,Streaming-flop,Non-Original,Non-Francise
Jaadugar,7/15/2022,2022,7,Summer,167,Comedy,Not Rated,0,0,6.8,12225,Streaming-flop,Non-Original,Non-Francise
Persuasion,7/15/2022,2022,7,Summer,109,Drama,PG,0,0,5.8,39938,Streaming-flop,Non-Original,Non-Francise
The Gray Man,7/22/2022,2022,7,Summer,129,Spy thriller,PG-13,0,0,6.5,269903,Streaming-hit,Non-Original,Non-Francise
A Cut Above,7/28/2022,2022,7,Summer,91,Comedy,R,0,0,4.8,227,Streaming-flop,Non-Original,Non-Francise
The Entitled,7/29/2022,2022,7,Summer,90,Romantic comedy,R,0,0,4.1,793,Streaming-flop,Non-Original,Non-Francise
Purple Hearts,7/29/2022,2022,7,Summer,122,Romance,PG-13,0,0,6.7,70218,Streaming-hit,Non-Original,Non-Francise
Buba,8/3/2022,2022,8,Summer,94,Comedy,R,0,0,5.9,3330,Streaming-flop,Non-Original,Non-Francise
Don't Blame Karma!,8/3/2022,2022,8,Summer,85,Romantic comedy,Not Rated,0,0,4.7,973,Streaming-flop,Non-Original,Non-Francise
Wedding Season,8/4/2022,2022,8,Summer,97,Comedy,Not Rated,0,0,6.4,12281,Streaming-flop,Non-Original,Non-Francise
Carter,8/5/2022,2022,8,Summer,134,Action,NC-17,0,0,5.1,10743,Streaming-hit,Non-Original,Non-Francise
Darlings,8/5/2022,2022,8,Summer,134,Comedy drama,Not Rated,0,0,6.7,23231,Streaming-hit,Non-Original,Non-Francise
Rise of the Teenage Mutant Ninja Turtles: The Movie,8/5/2022,2022,8,Summer,82,Animated action-adventure,PG,0,0,6.2,7826,Streaming-flop,Non-Original,Non-Francise
Heartsong,8/10/2022,2022,8,Summer,95,Romantic comedy,Not Rated,0,0,5.8,2314,Streaming-flop,Non-Original,Non-Francise
13: The Musical,8/12/2022,2022,8,Summer,94,Musical,PG,0,0,5.2,1249,Streaming-flop,Non-Original,Non-Francise
Day Shift,8/12/2022,2022,8,Summer,113,Fantasy comedy,R,0,0,6.1,98521,Streaming-hit,Non-Original,Non-Francise
Look Both Ways,8/17/2022,2022,8,Summer,111,Romantic comedy,PG-13,0,0,6.3,26940,Streaming-flop,Non-Original,Non-Francise
Royalteen,8/17/2022,2022,8,Summer,108,Coming-of-age,R,0,0,5.3,3200,Streaming-flop,Non-Original,Non-Francise
The Next 365 Days,8/19/2022,2022,8,Summer,113,Erotic thriller,R,0,0,2.9,12940,Streaming-flop,Non-Original,Non-Francise
That's Amor,8/25/2022,2022,8,Summer,96,Romantic comedy,PG-13,0,0,5.4,4460,Streaming-flop,Non-Original,Non-Francise
Loving Adults,8/26/2022,2022,8,Summer,105,Thriller,Not Rated,0,0,6.5,15952,Streaming-hit,Non-Original,Non-Francise
Me Time,8/26/2022,2022,8,Summer,104,Comedy,R,0,0,5.1,45084,Streaming-hit,Non-Original,Non-Francise
Seoul Vibe,8/26/2022,2022,8,Summer,140,Action,R,0,0,5.5,2469,Streaming-flop,Non-Original,Non-Francise
I Came By,8/31/2022,2022,8,Summer,110,Thriller,R,0,0,6.2,38882,Streaming-flop,Non-Original,Non-Francise
Fenced in,9/1/2022,2022,9,Fall/Autumn,110,Comedy,Not Rated,0,0,4.5,841,Streaming-flop,Non-Original,Non-Francise
Love in the Villa,9/1/2022,2022,9,Fall/Autumn,115,Romantic comedy,Not Rated,0,0,5.5,15129,Streaming-flop,Non-Original,Non-Francise
The Festival of Troubadours,9/2/2022,2022,9,Fall/Autumn,102,Drama,R,0,0,5.8,3452,Streaming-flop,Non-Original,Non-Francise
End of the Road,9/9/2022,2022,9,Fall/Autumn,91,Crime thriller,R,0,0,4.8,9702,Streaming-flop,Non-Original,Non-Francise
No Limit,9/9/2022,2022,9,Fall/Autumn,118,Thriller,Not Rated,0,0,5.8,4465,Streaming-hit,Non-Original,Non-Francise
Broad Peak,9/14/2022,2022,9,Fall/Autumn,102,Thriller,Not Rated,0,0,6,2529,Streaming-flop,Non-Original,Non-Francise
Do Revenge,9/16/2022,2022,9,Fall/Autumn,118,Black comedy,NR,0,0,6.3,56580,Streaming-flop,Non-Original,Non-Francise
Drifting Home,9/16/2022,2022,9,Fall/Autumn,120,Anime,PG,0,0,6.3,5715,Streaming-flop,Non-Original,Non-Francise
I Used to Be Famous,9/16/2022,2022,9,Fall/Autumn,104,Musical drama,R,0,0,6.6,12370,Streaming-flop,Non-Original,Non-Francise
Jogi,9/16/2022,2022,9,Fall/Autumn,116,Drama,Not Rated,0,0,7.1,7273,Streaming-flop,Non-Original,Non-Francise
The Perfumier,9/21/2022,2022,9,Fall/Autumn,96,Crime drama,R,0,0,3.6,1968,Streaming-flop,Non-Original,Non-Francise
A Jazzman's Blues,9/23/2022,2022,9,Fall/Autumn,128,Drama,R,0,0,6.8,4896,Streaming-flop,Non-Original,Non-Francise
Lou,9/23/2022,2022,9,Fall/Autumn,107,Thriller,R,0,0,6.1,38132,Streaming-flop,Non-Original,Non-Francise
Athena,9/23/2022,2022,9,Fall/Autumn,97,Drama,R,0,0,6.8,25339,Streaming-flop,Non-Original,Non-Francise
Blonde,9/28/2022,2022,9,Fall/Autumn,167,Biographical drama,NC-17,0,0,5.4,77983,Streaming-flop,Non-Original,Non-Francise
Plan A Plan B,9/30/2022,2022,9,Fall/Autumn,106,Romantic comedy,Not Rated,0,0,4.6,3596,Streaming-flop,Non-Original,Non-Francise
Rainbow,9/30/2022,2022,9,Fall/Autumn,118,Fantasy drama,R,0,0,4.7,1198,Streaming-flop,Non-Original,Non-Francise
Jumping from High Places,10/5/2022,2022,10,Fall/Autumn,88,Drama,PG-13,0,0,5.8,1410,Streaming-flop,Non-Original,Non-Francise
Mr. Harrigan's Phone,10/5/2022,2022,10,Fall/Autumn,106,Horror,PG-13,1,0,6,44006,Streaming-flop,Original,Non-Francise
Togo,10/5/2022,2022,10,Fall/Autumn,95,Thriller,Not Rated,0,0,5.4,737,Streaming-flop,Non-Original,Non-Francise
Doll House,10/7/2022,2022,10,Fall/Autumn,106,Drama,Not Rated,0,0,6.4,602,Streaming-flop,Non-Original,Non-Francise
Luckiest Girl Alive,10/7/2022,2022,10,Fall/Autumn,115,Mystery,R,0,0,6.4,59824,Streaming-hit,Non-Original,Non-Francise
Old People,10/7/2022,2022,10,Fall/Autumn,101,Horror,Not Rated,0,0,5.1,7905,Streaming-flop,Non-Original,Non-Francise
Someone Borrowed,10/11/2022,2022,10,Fall/Autumn,107,Romantic comedy,Not Rated,0,0,5.7,1969,Streaming-hit,Non-Original,Non-Francise
The Curse of Bridge Hollow,10/14/2022,2022,10,Fall/Autumn,91,Comedy,PG-13,0,0,5.6,13985,Streaming-hit,Non-Original,Non-Francise
The School for Good and Evil,10/19/2022,2022,10,Fall/Autumn,148,Children's fantasy,PG-13,0,0,5.9,41592,Streaming-hit,Non-Original,Non-Francise
The Stranger,10/19/2022,2022,10,Fall/Autumn,117,Thriller,R,0,0,6.6,30255,Streaming-flop,Non-Original,Non-Francise
20th Century Girl,10/21/2022,2022,10,Fall/Autumn,121,Romantic,Not Rated,0,0,7.4,14822,Streaming-hit,Non-Original,Non-Francise
Hellhole,10/26/2022,2022,10,Fall/Autumn,90,Horror,R,0,0,5.8,9708,Streaming-flop,Non-Original,Non-Francise
Robbing Mussolini,10/26/2022,2022,10,Fall/Autumn,90,Action comedy,Not Rated,0,0,5.5,2985,Streaming-flop,Non-Original,Non-Francise
The Good Nurse,10/26/2022,2022,10,Fall/Autumn,123,Drama,R,0,0,6.8,89813,Streaming-hit,Non-Original,Non-Francise
Beyond the Universe,10/27/2022,2022,10,Fall/Autumn,127,Romantic drama,R,0,0,6.6,2863,Streaming-hit,Non-Original,Non-Francise
All Quiet on the Western Front,10/28/2022,2022,10,Fall/Autumn,148,War drama,R,0,0,7.8,311513,Streaming-hit,Non-Original,Non-Francise
Wendell & Wild,10/28/2022,2022,10,Fall/Autumn,106,Stop motion fantasy horror comedy,PG-13,0,0,6.4,14790,Streaming-flop,Non-Original,Non-Francise
Wild Is the Wind,10/28/2022,2022,10,Fall/Autumn,123,Crime drama,Not Rated,0,0,5.6,1847,Streaming-flop,Non-Original,Non-Francise
The Takeover,11/1/2022,2022,11,Fall/Autumn,88,Action / thriller,Not Rated,0,0,5.8,34,Streaming-flop,Non-Original,Non-Francise
The Soccer Football Movie,11/9/2022,2022,11,Fall/Autumn,73,CGI animation sports comedy,PG,0,0,3.1,1454,Streaming-flop,Non-Original,Non-Francise
Falling for Christmas,11/10/2022,2022,11,Fall/Autumn,95,Romantic comedy,PG,0,0,5.3,33783,Streaming-hit,Non-Original,Non-Francise
Lost Bullet 2: Back for More,11/10/2022,2022,11,Fall/Autumn,100,Action,R,0,1,6.3,7095,Streaming-flop,Non-Original,Francise
Don't Leave,11/11/2022,2022,11,Fall/Autumn,107,Drama,R,0,0,5.2,2173,Streaming-flop,Non-Original,Non-Francise
"Monica, O My Darling",11/11/2022,2022,11,Fall/Autumn,130,Neo-noir comedy thriller,R,0,0,7.4,23961,Streaming-flop,Non-Original,Non-Francise
My Father's Dragon,11/11/2022,2022,11,Fall/Autumn,103,Animated fantasy adventure,PG,0,0,6.5,4123,Streaming-flop,Non-Original,Non-Francise
The Lost Lotteries,11/16/2022,2022,11,Fall/Autumn,106,Comedy,Not Rated,0,0,5.5,431,Streaming-flop,Non-Original,Non-Francise
The Wonder,11/16/2022,2022,11,Fall/Autumn,109,Psychological drama,R,0,0,6.6,49098,Streaming-flop,Non-Original,Non-Francise
Christmas with You,11/17/2022,2022,11,Fall/Autumn,90,Romantic comedy,PG,0,0,5.6,8624,Streaming-flop,Non-Original,Non-Francise
Slumberland,11/18/2022,2022,11,Fall/Autumn,120,Fantasy adventure,PG,1,1,6.7,35782,Streaming-hit,Original,Francise
Christmas on Mistletoe Farm,11/23/2022,2022,11,Fall/Autumn,103,Comedy,G,0,0,4.5,2269,Streaming-flop,Non-Original,Non-Francise
Lesson Plan,11/23/2022,2022,11,Fall/Autumn,99,Crime drama,Not Rated,0,0,5,2313,Streaming-flop,Non-Original,Non-Francise
The Swimmers,11/23/2022,2022,11,Fall/Autumn,135,Drama,PG-13,0,0,7.4,40149,Streaming-flop,Non-Original,Non-Francise
Who's a Good Boy?,11/23/2022,2022,11,Fall/Autumn,95,Comedy,R,0,0,4.7,885,Streaming-flop,Non-Original,Non-Francise
The Noel Diary,11/24/2022,2022,11,Fall/Autumn,100,Drama,PG,0,0,6.2,22216,Streaming-hit,Non-Original,Non-Francise
A Man of Action,11/30/2022,2022,11,Fall/Autumn,111,Biopic,Not Rated,0,0,6.4,3841,Streaming-flop,Non-Original,Non-Francise
Christmas Full of Grace,11/30/2022,2022,11,Fall/Autumn,105,Romantic comedy,R,0,0,4.6,936,Streaming-flop,Non-Original,Non-Francise
My Name Is Vendetta,11/30/2022,2022,11,Fall/Autumn,90,Thriller,R,0,0,5.6,6918,Streaming-hit,Non-Original,Non-Francise
Qala,12/1/2022,2022,12,Winter,119,Drama,Not Rated,0,0,7.2,8476,Streaming-flop,Non-Original,Non-Francise
Troll,12/1/2022,2022,12,Winter,103,Monster,PG-13,0,0,5.8,58319,Streaming-hit,Non-Original,Non-Francise
Lady Chatterley's Lover,12/2/2022,2022,12,Winter,127,Romantic drama,R,0,0,6.6,27312,Streaming-flop,Non-Original,Non-Francise
Scrooge: A Christmas Carol,12/2/2022,2022,12,Winter,101,CGI animation musical fantasy comedy drama,G,1,1,6.2,9194,Streaming-flop,Original,Francise
Delivery by Christmas,12/6/2022,2022,12,Winter,100,Romantic comedy,Not Rated,0,0,5.6,1119,Streaming-flop,Non-Original,Non-Francise
Burning Patience,12/7/2022,2022,12,Winter,90,Drama,NR,0,0,6,409,Streaming-flop,Non-Original,Non-Francise
The Marriage App,12/7/2022,2022,12,Winter,101,Drama,R,0,0,5.5,2341,Streaming-flop,Non-Original,Non-Francise
The Claus Family 3,12/8/2022,2022,12,Winter,73,Fantasy,Not Rated,0,1,4.6,873,Streaming-flop,Non-Original,Francise
Guillermo del Toro's Pinocchio,12/9/2022,2022,12,Winter,116,Stop motion fantasy musical drama,PG,0,0,7.6,143117,Streaming-flop,Non-Original,Non-Francise
I Believe in Santa,12/14/2022,2022,12,Winter,90,Romantic comedy,PG,0,0,4.6,4945,Streaming-flop,Non-Original,Non-Francise
The Big 4,12/15/2022,2022,12,Winter,141,Action comedy,Not Rated,0,0,6.1,4492,Streaming-flop,Non-Original,Non-Francise
Private Lesson,12/16/2022,2022,12,Winter,89,Romantic comedy,R,0,0,4.8,2384,Streaming-flop,Non-Original,Non-Francise
A Not So Merry Christmas,12/20/2022,2022,12,Winter,100,Comedy,PG-13,1,1,4.8,1185,Streaming-flop,Original,Francise
A Night at the Kindergarten,12/28/2022,2022,12,Winter,97,Black comedy,Not Rated,0,0,5.7,749,Streaming-flop,Non-Original,Non-Francise
White Noise,12/30/2022,2022,12,Winter,136,Black comedy,R,0,0,5.7,47491,Streaming-flop,Non-Original,Non-Francise
Dog Gone,1/13/2023,2023,1,Winter,95,Family drama,PG,0,0,6.1,7094,Streaming-flop,Non-Original,Non-Francise
Mission Majnu,1/20/2023,2023,1,Winter,129,Spy thriller,Not Rated,0,0,6.9,45541,Streaming-flop,Non-Original,Non-Francise
You People,1/27/2023,2023,1,Winter,118,Comedy,R,0,0,5.5,66984,Streaming-hit,Non-Original,Non-Francise
True Spirit,2/3/2023,2023,2,Winter,109,Biopic,PG,0,0,6.8,12168,Streaming-flop,Non-Original,Non-Francise
Infiesto,2/3/2023,2023,2,Winter,96,Thriller,R,0,0,5.6,5548,Streaming-flop,Non-Original,Non-Francise
Dear David,2/9/2023,2023,2,Winter,118,Coming-of-age romantic drama,PG-13,0,0,5.7,1083,Streaming-flop,Non-Original,Non-Francise
Your Place or Mine,2/10/2023,2023,2,Winter,111,Romantic comedy,PG-13,0,0,5.7,44259,Streaming-hit,Non-Original,Non-Francise
Squared Love All Over Again,2/13/2023,2023,2,Winter,100,Romantic comedy,Not Rated,0,0,4.7,842,Streaming-flop,Non-Original,Non-Francise
All the Places,2/14/2023,2023,2,Winter,97,Comedy drama,Not Rated,0,0,5.6,443,Streaming-flop,Non-Original,Non-Francise
Unlocked,2/17/2023,2023,2,Winter,117,Thriller,Not Rated,1,1,6.4,13846,Streaming-hit,Original,Francise
The Strays,2/22/2023,2023,2,Winter,97,Drama,R,0,0,4.9,13338,Streaming-flop,Non-Original,Non-Francise
Call Me Chihiro,2/23/2023,2023,2,Winter,131,Drama,PG-13,0,0,7,4656,Streaming-flop,Non-Original,Non-Francise
We Have a Ghost,2/24/2023,2023,2,Winter,127,Family adventure,PG-13,0,0,6.1,36657,Streaming-hit,Non-Original,Non-Francise
Tonight You're Sleeping with Me,3/1/2023,2023,3,Spring,93,Romantic drama,R,0,0,3.9,1353,Streaming-flop,Non-Original,Non-Francise
10 Days of a Good Man,3/3/2023,2023,3,Spring,124,Drama,R,0,0,6.5,6336,Streaming-flop,Non-Original,Non-Francise
Faraway,3/8/2023,2023,3,Spring,109,Romantic comedy,Not Rated,0,0,6.7,6709,Streaming-flop,Non-Original,Non-Francise
Have a Nice Day!,3/10/2023,2023,3,Spring,93,Comedy,Not Rated,0,0,5.5,323,Streaming-flop,Non-Original,Non-Francise
Luther: The Fallen Sun,3/10/2023,2023,3,Spring,130,Crime drama,R,0,0,6.4,72040,Streaming-hit,Non-Original,Non-Francise
In His Shadow,3/17/2023,2023,3,Spring,89,Drama,Not Rated,0,0,4.9,995,Streaming-flop,Non-Original,Non-Francise
Noise,3/17/2023,2023,3,Spring,90,Thriller,Not Rated,0,0,3.5,4942,Streaming-flop,Non-Original,Non-Francise
The Magician's Elephant,3/17/2023,2023,3,Spring,103,CGI animation fantasy adventure,PG,0,0,6.6,6719,Streaming-flop,Non-Original,Non-Francise
Chor Nikal Ke Bhaga,3/24/2023,2023,3,Spring,110,Heist thriller,Not Rated,0,0,7.2,56273,Streaming-hit,Non-Original,Non-Francise
Kill Boksoon,3/31/2023,2023,3,Spring,139,Crime thriller,R,0,0,6.6,15980,Streaming-hit,Non-Original,Non-Francise
Murder Mystery 2,3/31/2023,2023,3,Spring,90,Mystery comedy,PG-13,0,1,5.7,82892,Streaming-hit,Non-Original,Francise
Chupa,4/7/2023,2023,4,Spring,98,Fantasy adventure,PG,0,0,5.6,8083,Streaming-hit,Non-Original,Non-Francise
Kings of Mulberry Street: Let Love Reign,4/7/2023,2023,4,Spring,109,Comedy,PG-13,0,0,4.7,116,Streaming-flop,Non-Original,Non-Francise
Oh Belinda,4/7/2023,2023,4,Spring,97,Drama,R,1,1,5.3,3808,Streaming-flop,Original,Francise
Queens on the Run,4/14/2023,2023,4,Spring,97,Comedy,Not Rated,0,0,4.6,1085,Streaming-hit,Non-Original,Non-Francise
Phenomena,4/14/2023,2023,4,Spring,94,Comedy,Not Rated,0,0,5.4,3498,Streaming-flop,Non-Original,Non-Francise
A Tourist's Guide to Love,4/21/2023,2023,4,Spring,96,Romantic comedy,PG,0,0,5.8,8374,Streaming-flop,Non-Original,Non-Francise
Chokehold,4/21/2023,2023,4,Spring,112,Thriller,Not Rated,0,0,5.7,5122,Streaming-flop,Non-Original,Non-Francise
One More Time,4/21/2023,2023,4,Spring,85,Comedy,R,0,0,5.8,2863,Streaming-flop,Non-Original,Non-Francise
The Matchmaker,4/27/2023,2023,4,Spring,81,Psychological thriller,Not Rated,0,0,3.7,654,Streaming-flop,Non-Original,Non-Francise
AKA,4/28/2023,2023,4,Spring,124,Action thriller,Not Rated,0,0,6.6,14790,Streaming-hit,Non-Original,Non-Francise
Royalteen: Princess Margrethe,5/11/2023,2023,5,Spring,98,Coming-of-age,R,0,1,4.7,1089,Streaming-flop,Non-Original,Francise
The Mother,5/12/2023,2023,5,Spring,117,Action drama,R,0,0,5.6,52474,Streaming-hit,Non-Original,Non-Francise
Fanfic,5/17/2023,2023,5,Spring,95,Drama,NC-17,0,0,5.8,1599,Streaming-flop,Non-Original,Non-Francise
Hard Feelings,5/24/2023,2023,5,Spring,103,Comedy,R,0,0,4.8,3509,Streaming-flop,Non-Original,Non-Francise
Mother's Day,5/24/2023,2023,5,Spring,94,Action,R,0,0,5.3,2945,Streaming-hit,Non-Original,Non-Francise
Where the Tracks End,5/26/2023,2023,5,Spring,95,Family film,PG-13,0,0,7.1,1921,Streaming-flop,Non-Original,Non-Francise
A Beautiful Life,6/1/2023,2023,6,Summer,99,Drama,R,0,0,6.4,9380,Streaming-hit,Non-Original,Non-Francise
Missed Connections,6/2/2023,2023,6,Summer,107,Romantic comedy,Not Rated,0,0,4.4,299,Streaming-flop,Non-Original,Non-Francise
Rich in Love 2,6/2/2023,2023,6,Summer,89,Romantic comedy,Not Rated,0,0,4.9,596,Streaming-flop,Non-Original,Non-Francise
You Do You,6/9/2023,2023,6,Summer,99,Romantic comedy,PG-13,0,0,5,2831,Streaming-hit,Non-Original,Non-Francise
Black Clover: Sword of the Wizard King,6/16/2023,2023,6,Summer,113,Anime,PG-13,0,0,7.4,9651,Streaming-flop,Non-Original,Non-Francise
iNumber Number: Jozi Gold,6/23/2023,2023,6,Summer,113,Thriller,Not Rated,0,0,4.4,546,Streaming-flop,Non-Original,Non-Francise
Make Me Believe,6/23/2023,2023,6,Summer,104,Romantic comedy,R,0,0,5.7,4073,Streaming-hit,Non-Original,Non-Francise
The Perfect Find,6/23/2023,2023,6,Summer,99,Romantic comedy,R,0,0,5.2,3819,Streaming-flop,Non-Original,Non-Francise
Lust Stories 2,6/29/2023,2023,6,Summer,132,Anthology film,R,0,1,5.7,52034,Streaming-flop,Non-Original,Francise
Nimona,6/30/2023,2023,6,Summer,102,CGI animation science fiction,PG,1,0,7.5,61297,Streaming-hit,Original,Non-Francise
Gold Brick,7/6/2023,2023,7,Summer,95,Comedy,R,0,0,6.2,3852,Streaming-hit,Non-Original,Non-Francise
Seasons,7/7/2023,2023,7,Summer,109,Romance,R,0,0,5.1,425,Streaming-flop,Non-Original,Non-Francise
The Out-Laws,7/7/2023,2023,7,Summer,95,Action comedy,R,0,0,5.4,41283,Streaming-hit,Non-Original,Non-Francise
Mr. Car and the Knights Templar,7/12/2023,2023,7,Summer,110,Drama,PG-13,0,0,4.4,1531,Streaming-flop,Non-Original,Non-Francise
Love Tactics 2,7/14/2023,2023,7,Summer,98,Romantic comedy,PG-13,0,0,5,2990,Streaming-flop,Non-Original,Non-Francise
The (Almost) Legends,7/19/2023,2023,7,Summer,96,Comedy,Not Rated,0,0,6.4,667,Streaming-flop,Non-Original,Non-Francise
They Cloned Tyrone,7/21/2023,2023,7,Summer,119,Sci-fi comedy mystery,R,0,0,6.7,47398,Streaming-flop,Non-Original,Non-Francise
Happiness for Beginners,7/27/2023,2023,7,Summer,103,Romantic comedy,PG-13,0,0,6.1,22061,Streaming-flop,Non-Original,Non-Francise
Paradise,7/27/2023,2023,7,Summer,118,Sci-fi action-thriller,R,0,0,6.3,25263,Streaming-hit,Non-Original,Non-Francise
The Murderer,7/27/2023,2023,7,Summer,120,Black comedy,R,0,0,6.2,1261,Streaming-flop,Non-Original,Non-Francise
Today We'll Talk About That Day,7/27/2023,2023,7,Summer,118,Melodrama,PG-13,0,0,5.9,242,Streaming-flop,Non-Original,Non-Francise
Big Nunu's Little Heist,7/28/2023,2023,7,Summer,92,Comedy,R,0,0,4.1,314,Streaming-flop,Non-Original,Non-Francise
Soulcatcher,8/2/2023,2023,8,Summer,98,Thriller,R,0,0,3.7,1602,Streaming-flop,Non-Original,Non-Francise
Head to Head,8/3/2023,2023,8,Summer,94,Thriller comedy,Not Rated,0,0,6,3479,Streaming-flop,Non-Original,Non-Francise
Zom 100: Bucket List of the Dead,8/3/2023,2023,8,Summer,129,Zombie apocalypse / comedy,R,1,0,5.5,8090,Streaming-hit,Original,Non-Francise
Heart of Stone,8/11/2023,2023,8,Summer,125,Spy thriller,PG-13,0,0,5.7,67906,Streaming-hit,Non-Original,Non-Francise
10 Days of a Bad Man,8/18/2023,2023,8,Summer,124,Drama,R,0,0,6.1,3453,Streaming-flop,Non-Original,Non-Francise
The Monkey King,8/18/2023,2023,8,Summer,96,CGI animation action comedy,PG,0,0,5.8,7820,Streaming-flop,Non-Original,Non-Francise
Squared Love Everlasting,8/23/2023,2023,8,Summer,102,Romantic comedy,PG-13,0,0,4.5,439,Streaming-flop,Non-Original,Non-Francise
Killer Book Club,8/25/2023,2023,8,Summer,89,Slasher,R,0,0,4.6,5853,Streaming-flop,Non-Original,Non-Francise
You Are So Not Invited to My Bat Mitzvah,8/25/2023,2023,8,Summer,103,Coming-of-age,PG-13,0,0,5.9,27751,Streaming-hit,Non-Original,Non-Francise
The Great Seduction,8/30/2023,2023,8,Summer,95,Comedy,R,0,0,6.5,1826,Streaming-hit,Non-Original,Non-Francise
A Day and a Half,9/1/2023,2023,9,Fall/Autumn,95,Thriller,R,0,0,5.8,3574,Streaming-flop,Non-Original,Non-Francise
Friday Night Plan,9/1/2023,2023,9,Fall/Autumn,108,Coming-of-age,R,0,0,6.6,2116,Streaming-flop,Non-Original,Non-Francise
Happy Ending,9/1/2023,2023,9,Fall/Autumn,93,Comedy,R,0,0,5.4,2370,Streaming-flop,Non-Original,Non-Francise
Freestyle,9/13/2023,2023,9,Fall/Autumn,88,Thriller,Not Rated,0,0,4.8,1469,Streaming-flop,Non-Original,Non-Francise
Ehrengard: The Art of Seduction,9/14/2023,2023,9,Fall/Autumn,94,Romantic comedy,R,0,0,5.8,3458,Streaming-flop,Non-Original,Non-Francise
Once Upon a Crime,9/14/2023,2023,9,Fall/Autumn,107,Fantasy,PG,0,0,5.3,2395,Streaming-flop,Non-Original,Non-Francise
El Conde,9/15/2023,2023,9,Fall/Autumn,111,Black comedy,R,0,0,6.3,16214,Streaming-flop,Non-Original,Non-Francise
Love at First Sight,9/15/2023,2023,9,Fall/Autumn,91,Romance,PG-13,0,0,6.8,42211,Streaming-flop,Non-Original,Non-Francise
The Abyss,9/15/2023,2023,9,Fall/Autumn,103,Disaster,R,0,0,5.3,11259,Streaming-hit,Non-Original,Non-Francise
Jaane Jaan,9/21/2023,2023,9,Fall/Autumn,139,Thriller,R,0,0,7,16721,Streaming-flop,Non-Original,Non-Francise
Spy Kids: Armageddon,9/22/2023,2023,9,Fall/Autumn,97,Action-adventure,PG,0,0,4.3,4428,Streaming-flop,Non-Original,Non-Francise
The Black Book,9/22/2023,2023,9,Fall/Autumn,124,Thriller,R,0,0,5.3,1514,Streaming-flop,Non-Original,Non-Francise
Forgotten Love,9/27/2023,2023,9,Fall/Autumn,140,Drama,PG-13,0,0,7.5,13667,Streaming-hit,Non-Original,Non-Francise
Overhaul,9/27/2023,2023,9,Fall/Autumn,98,Action drama,R,0,0,4.9,978,Streaming-flop,Non-Original,Non-Francise
Street Flow 2,9/27/2023,2023,9,Fall/Autumn,98,Drama,R,0,0,5.3,599,Streaming-flop,Non-Original,Non-Francise
Love Is in the Air,9/28/2023,2023,9,Fall/Autumn,88,Romantic comedy,PG-13,0,0,5.6,5046,Streaming-flop,Non-Original,Non-Francise
Do Not Disturb,9/29/2023,2023,9,Fall/Autumn,114,Dramedy,R,0,0,6.3,11787,Streaming-flop,Non-Original,Non-Francise
Nowhere,9/29/2023,2023,9,Fall/Autumn,109,Thriller,R,0,0,6.3,48368,Streaming-hit,Non-Original,Non-Francise
Reptile,9/29/2023,2023,9,Fall/Autumn,136,Crime drama,R,0,0,6.8,108579,Streaming-hit,Non-Original,Non-Francise
Keys to the Heart,10/4/2023,2023,10,Fall/Autumn,102,Drama,Not Rated,0,0,6.5,354,Streaming-flop,Non-Original,Non-Francise
Khufiya,10/5/2023,2023,10,Fall/Autumn,157,Spy thriller,R,0,0,6.1,8809,Streaming-flop,Non-Original,Non-Francise
Fair Play,10/6/2023,2023,10,Fall/Autumn,115,Erotic thriller,R,0,0,6.4,46273,Streaming-flop,Non-Original,Non-Francise
A Deadly Invitation,10/6/2023,2023,10,Fall/Autumn,93,Drama,Not Rated,0,0,5.1,2501,Streaming-hit,Non-Original,Non-Francise
Ballerina,10/6/2023,2023,10,Fall/Autumn,93,Thriller,R,0,0,6.3,18773,Streaming-hit,Non-Original,Non-Francise
Once Upon a Star,10/11/2023,2023,10,Fall/Autumn,138,Drama,Not Rated,0,0,7,556,Streaming-flop,Non-Original,Non-Francise
The Conference,10/13/2023,2023,10,Fall/Autumn,100,Slasher comedy,NC-17,0,0,5.7,15985,Streaming-flop,Non-Original,Non-Francise
Crypto Boy,10/19/2023,2023,10,Fall/Autumn,103,Drama,Not Rated,0,0,5.8,1445,Streaming-flop,Non-Original,Non-Francise
Kandasamys: The Baby,10/20/2023,2023,10,Fall/Autumn,93,Comedy,PG-13,0,1,4.8,240,Streaming-flop,Non-Original,Francise
Old Dads,10/20/2023,2023,10,Fall/Autumn,104,Comedy,R,0,0,6.2,46933,Streaming-flop,Non-Original,Non-Francise
Burning Betrayal,10/25/2023,2023,10,Fall/Autumn,98,Thriller,R,0,0,4.2,4731,Streaming-hit,Non-Original,Non-Francise
Pain Hustlers,10/27/2023,2023,10,Fall/Autumn,124,Crime drama,R,0,0,6.6,54648,Streaming-hit,Non-Original,Non-Francise
Sister Death,10/27/2023,2023,10,Fall/Autumn,90,Horror,R,0,0,5.8,10705,Streaming-flop,Non-Original,Non-Francise
Hurricane Season,11/1/2023,2023,11,Fall/Autumn,99,Drama,R,0,0,5.9,1033,Streaming-flop,Non-Original,Non-Francise
Locked In,11/1/2023,2023,11,Fall/Autumn,96,Psychological thriller,R,0,0,5.1,11602,Streaming-flop,Non-Original,Non-Francise
Nuovo Olimpo,11/1/2023,2023,11,Fall/Autumn,112,Romance,R,0,0,7.2,7238,Streaming-flop,Non-Original,Non-Francise
Wingwomen,11/1/2023,2023,11,Fall/Autumn,115,Action  dramedy,R,1,0,5.7,8190,Streaming-hit,Original,Non-Francise
Nyad,11/3/2023,2023,11,Fall/Autumn,121,Biopic,PG-13,0,0,7.1,44519,Streaming-flop,Non-Original,Non-Francise
The Killer,11/10/2023,2023,11,Fall/Autumn,119,Neo-noir action thriller,R,1,0,6.7,221332,Streaming-hit,Original,Non-Francise
Best. Christmas. Ever!,11/16/2023,2023,11,Fall/Autumn,81,Romantic comedy,PG,0,0,4.5,12181,Streaming-flop,Non-Original,Non-Francise
In Love and Deep Water,11/16/2023,2023,11,Fall/Autumn,127,Romantic mystery comedy,PG-13,0,0,5.2,1017,Streaming-flop,Non-Original,Non-Francise
Believer 2,11/17/2023,2023,11,Fall/Autumn,116,Crime action,R,0,1,5.6,2236,Streaming-flop,Non-Original,Francise
Rustin,11/17/2023,2023,11,Fall/Autumn,108,Biographical drama,PG-13,0,0,6.5,14598,Streaming-flop,Non-Original,Non-Francise
All-Time High,11/17/2023,2023,11,Fall/Autumn,103,Comedy,Not Rated,0,0,5.8,2312,Streaming-flop,Non-Original,Non-Francise
The Queenstown Kings,11/17/2023,2023,11,Fall/Autumn,137,Drama,Not Rated,0,0,4.7,228,Streaming-flop,Non-Original,Non-Francise
Leo,11/21/2023,2023,11,Fall/Autumn,106,CGI animation musical,PG,0,0,7,45393,Streaming-hit,Non-Original,Non-Francise
I Don't Expect Anyone to Believe Me,11/22/2023,2023,11,Fall/Autumn,117,Comedy-thriller,R,0,0,5.7,767,Streaming-flop,Non-Original,Non-Francise
Doi Boy,11/24/2023,2023,11,Fall/Autumn,99,Drama,Not Rated,0,0,5.5,856,Streaming-flop,Non-Original,Non-Francise
Elena Knows,11/24/2023,2023,11,Fall/Autumn,100,Drama,Not Rated,0,0,5.5,830,Streaming-flop,Non-Original,Non-Francise
Last Call for Istanbul,11/24/2023,2023,11,Fall/Autumn,91,Drama,R,0,0,5.3,10568,Streaming-flop,Non-Original,Non-Francise
Wedding Games,11/24/2023,2023,11,Fall/Autumn,79,Comedy,Not Rated,0,0,4.2,167,Streaming-flop,Non-Original,Non-Francise
Family Switch,11/30/2023,2023,11,Fall/Autumn,105,Comedy,PG,0,0,5.7,33088,Streaming-hit,Non-Original,Non-Francise
Christmas as Usual,12/6/2023,2023,12,Winter,89,Romantic comedy,PG-13,0,0,5.5,6718,Streaming-flop,Non-Original,Non-Francise
NAGA,12/7/2023,2023,12,Winter,113,Thriller,R,0,0,5.9,20333,Streaming-flop,Non-Original,Non-Francise
The Archies,12/7/2023,2023,12,Winter,143,Musical,PG-13,0,0,4.2,53518,Streaming-flop,Non-Original,Non-Francise
Blood Vessel,12/8/2023,2023,12,Winter,119,Thriller,Not Rated,0,0,4.4,496,Streaming-flop,Non-Original,Non-Francise
Leave the World Behind,12/8/2023,2023,12,Winter,141,Drama,R,0,0,6.4,240002,Streaming-hit,Non-Original,Non-Francise
Chicken Run: Dawn of the Nugget,12/15/2023,2023,12,Winter,101,Stop motion action comedy,PG,1,1,6.3,28766,Streaming-hit,Original,Francise
Familia,12/15/2023,2023,12,Winter,105,Drama,R,0,0,6.6,1126,Streaming-flop,Non-Original,Non-Francise
Maestro,12/20/2023,2023,12,Winter,131,Biographical drama,R,0,0,6.5,69070,Streaming-flop,Non-Original,Non-Francise
The Taming of the Shrewd 2,12/20/2023,2023,12,Winter,100,Comedy,R,0,0,4.3,334,Streaming-flop,Non-Original,Non-Francise
A Vampire in the Family,12/24/2023,2023,12,Winter,89,Comedy,R,0,0,4.7,1664,Streaming-flop,Non-Original,Non-Francise
Kho Gaye Hum Kahan,12/26/2023,2023,12,Winter,134,Comedy drama,PG-13,0,0,7.3,31643,Streaming-flop,Non-Original,Non-Francise
"Thank You, I'm Sorry",12/26/2023,2023,12,Winter,91,Comedy drama,PG-13,0,0,6,1487,Streaming-flop,Non-Original,Non-Francise
Lift,1/12/2024,2024,1,Winter,106,Action comedy-thriller,PG-13,0,0,5.6,52117,Streaming-hit,Non-Original,Non-Francise
From the Ashes,1/18/2024,2024,1,Winter,92,Drama,PG-13,0,0,5,1391,Streaming-flop,Non-Original,Non-Francise
Sixty Minutes,1/19/2024,2024,1,Winter,89,Action,R,0,0,5.7,5602,Streaming-hit,Non-Original,Non-Francise
Badland Hunters,1/26/2024,2024,1,Winter,107,Dystopian action,R,0,0,6,13414,Streaming-hit,Non-Original,Non-Francise
Orion and the Dark,2/2/2024,2024,2,Winter,92,CGI animated fantasy adventure,PG,0,0,6.3,18970,Streaming-hit,Non-Original,Non-Francise
Ashes,2/9/2024,2024,2,Winter,100,Drama,Not Rated,0,0,4.3,2811,Streaming-flop,Non-Original,Non-Francise
Bhakshak,2/9/2024,2024,2,Winter,134,Crime drama,R,0,0,7.2,7533,Streaming-flop,Non-Original,Non-Francise
Kill Me If You Dare,2/13/2024,2024,2,Winter,94,Comedy,Not Rated,1,1,4.6,1454,Streaming-flop,Original,Francise
Players,2/14/2024,2024,2,Winter,105,Romantic comedy,R,0,0,5.7,12838,Streaming-flop,Non-Original,Non-Francise
The Heartbreak Agency,2/14/2024,2024,2,Winter,96,Romantic comedy,PG-13,0,0,5.4,787,Streaming-flop,Non-Original,Non-Francise
Code 8: Part II,2/28/2024,2024,2,Winter,100,Science fiction,R,0,1,5.7,16953,Streaming-flop,Non-Original,Francise
The Parades,2/29/2024,2024,2,Winter,132,Drama,PG-13,0,0,6.6,1055,Streaming-flop,Non-Original,Non-Francise
My Name Is Loh Kiwan,3/1/2024,2024,3,Spring,133,Drama,R,0,0,6.7,4833,Streaming-flop,Non-Original,Non-Francise
Spaceman,3/1/2024,2024,3,Spring,107,Science fiction drama,R,0,0,5.7,46640,Streaming-flop,Non-Original,Non-Francise
Damsel,3/8/2024,2024,3,Spring,110,Fantasy action,PG-13,0,0,6.1,118120,Streaming-hit,Non-Original,Non-Francise
Art of Love,3/14/2024,2024,3,Spring,99,Romance,PG-13,0,0,4.6,2643,Streaming-flop,Non-Original,Non-Francise
Irish Wish,3/15/2024,2024,3,Spring,93,Romantic comedy,PG,0,0,5.3,23039,Streaming-flop,Non-Original,Non-Francise
Murder Mubarak,3/15/2024,2024,3,Spring,141,Dramedy,Not Rated,0,0,5.8,51451,Streaming-flop,Non-Original,Non-Francise
The Wonderful Story of Henry Sugar and Three More,3/15/2024,2024,3,Spring,88,Fantasy anthology,PG,1,0,7.1,11933,Streaming-flop,Original,Non-Francise
Shirley,3/22/2024,2024,3,Spring,118,Biographical drama,PG-13,0,0,6.2,3623,Streaming-flop,Non-Original,Non-Francise
The Casagrandes Movie,3/22/2024,2024,3,Spring,85,Animated comedy,PG,0,0,5.6,765,Streaming-flop,Non-Original,Non-Francise
Rest in Peace,3/27/2024,2024,3,Spring,107,Drama,Not Rated,0,0,5.8,2512,Streaming-flop,Non-Original,Non-Francise
No Pressure,3/27/2024,2024,3,Spring,112,Romantic comedy,Not Rated,0,0,5.2,1201,Streaming-hit,Non-Original,Non-Francise
Heart of the Hunter,3/29/2024,2024,3,Spring,107,Spy thriller,R,0,0,4.7,2335,Streaming-flop,Non-Original,Non-Francise
The Beautiful Game,3/29/2024,2024,3,Spring,125,Drama,PG-13,0,0,6.3,8791,Streaming-flop,Non-Original,Non-Francise
The Wages of Fear,3/29/2024,2024,3,Spring,106,Thriller,R,1,1,4.6,4476,Streaming-hit,Original,Francise
The Tearsmith,4/4/2024,2024,4,Spring,105,Coming-of-age romantic drama,R,0,0,5.2,14440,Streaming-hit,Non-Original,Non-Francise
Scoop,4/5/2024,2024,4,Spring,102,Biographical drama,Not Rated,0,0,6.5,21872,Streaming-flop,Non-Original,Non-Francise
A Journey,4/12/2024,2024,4,Spring,115,Drama,Not Rated,0,0,5.7,352,Streaming-flop,Non-Original,Non-Francise
Amar Singh Chamkila,4/12/2024,2024,4,Spring,145,Romantic musical,Not Rated,0,0,7.8,17241,Streaming-flop,Non-Original,Non-Francise
"Love, Divided",4/12/2024,2024,4,Spring,98,Romantic comedy,PG-13,1,1,6,5117,Streaming-hit,Original,Francise
Stolen,4/12/2024,2024,4,Spring,107,Drama,Not Rated,0,0,5.8,2421,Streaming-flop,Non-Original,Non-Francise
Woody Woodpecker Goes to Camp,4/12/2024,2024,4,Spring,100,Slapstick comedy,PG,0,0,4.5,2922,Streaming-hit,Non-Original,Non-Francise
City Hunter,4/25/2024,2024,4,Spring,104,Action comedy,R,1,1,6.3,6100,Streaming-flop,Original,Francise
Honeymoonish,4/29/2024,2024,4,Spring,100,Romantic comedy,Not Rated,0,0,5.3,1704,Streaming-flop,Non-Original,Non-Francise
Down the Rabbit Hole,5/1/2024,2024,5,Spring,102,Deadpan comedy,R,0,0,5.6,611,Streaming-flop,Non-Original,Non-Francise
Beautiful Rebel,5/2/2024,2024,5,Spring,113,Biographical drama,Not Rated,0,0,6.2,1129,Streaming-flop,Non-Original,Non-Francise
Unfrosted,5/3/2024,2024,5,Spring,96,Comedy,PG-13,0,0,5.5,36581,Streaming-flop,Non-Original,Non-Francise
Mother of the Bride,5/9/2024,2024,5,Spring,90,Romantic comedy,PG,0,0,4.9,17997,Streaming-hit,Non-Original,Non-Francise
Monster,5/16/2024,2024,5,Spring,84,Thriller,NR,0,0,9.7,134,Streaming-flop,Non-Original,Non-Francise
Thelma the Unicorn,5/17/2024,2024,5,Spring,98,CGI animated musical,PG,0,0,5.8,3360,Streaming-flop,Non-Original,Non-Francise
In Good Hands 2,5/23/2024,2024,5,Spring,99,Romantic comedy,PG-13,0,0,5.3,1144,Streaming-flop,Non-Original,Non-Francise
Atlas,5/24/2024,2024,5,Spring,120,Science fiction thriller,PG-13,0,0,5.6,59215,Streaming-hit,Non-Original,Non-Francise
My Oni Girl,5/24/2024,2024,5,Spring,112,Anime fantasy,PG,0,0,6,2198,Streaming-flop,Non-Original,Non-Francise
Bionic,5/29/2024,2024,5,Spring,110,Science fiction,R,0,0,4.3,1849,Streaming-flop,Non-Original,Non-Francise
Colors of Evil: Red,5/29/2024,2024,5,Spring,112,Crime thriller,Not Rated,0,0,6.4,9395,Streaming-hit,Non-Original,Non-Francise
A Part of You,5/31/2024,2024,5,Spring,100,Coming-of-age drama,Not Rated,0,0,5.8,3194,Streaming-flop,Non-Original,Non-Francise
The Price of Nonna's Inheritance,6/4/2024,2024,6,Summer,90,Comedy,Not Rated,0,0,5.4,1360,Streaming-flop,Non-Original,Non-Francise
Under Paris,6/5/2024,2024,6,Summer,103,Thriller,R,0,0,5.2,39190,Streaming-hit,Non-Original,Non-Francise
Basma,6/6/2024,2024,6,Summer,105,Drama,Not Rated,0,0,4.4,628,Streaming-flop,Non-Original,Non-Francise
Ultraman: Rising,6/14/2024,2024,6,Summer,121,CGI animated superhero,PG,0,0,6.9,7336,Streaming-flop,Non-Original,Non-Francise
Inheritance,6/19/2024,2024,6,Summer,94,Comedy,Not Rated,0,0,6.2,113,Streaming-hit,Non-Original,Non-Francise
Maharaj,6/21/2024,2024,6,Summer,131,Period drama,Not Rated,1,0,6.5,15693,Streaming-hit,Original,Non-Francise
Trigger Warning,6/21/2024,2024,6,Summer,106,Action thriller,R,0,0,4.6,20504,Streaming-hit,Non-Original,Non-Francise
Drawing Closer,6/27/2024,2024,6,Summer,118,Romance,PG-13,0,0,7.7,3628,Streaming-flop,Non-Original,Non-Francise
A Family Affair,6/28/2024,2024,6,Summer,113,Romantic comedy,PG-13,0,0,5.4,39554,Streaming-hit,Non-Original,Non-Francise
Beverly Hills Cop: Axel F,7/3/2024,2024,7,Summer,117,Buddy cop,R,0,0,6.4,86557,Streaming-hit,Non-Original,Non-Francise
Goyo,7/5/2024,2024,7,Summer,107,Romantic drama,Not Rated,0,0,6.6,2432,Streaming-flop,Non-Original,Non-Francise
Wild Wild Punjab,7/10/2024,2024,7,Summer,110,Comedy,R,0,0,6.2,17636,Streaming-flop,Non-Original,Non-Francise
Vanished into the Night,7/11/2024,2024,7,Summer,92,Thriller,Not Rated,0,0,5.2,5187,Streaming-hit,Non-Original,Non-Francise
Blame the Game,7/12/2024,2024,7,Summer,92,Comedy,R,0,0,5.4,5963,Streaming-hit,Non-Original,Non-Francise
Lobola Man,7/12/2024,2024,7,Summer,108,Comedy,Not Rated,0,0,4.6,232,Streaming-flop,Non-Original,Non-Francise
The Champion,7/12/2024,2024,7,Summer,106,Comedy,Not Rated,1,1,5.5,1007,Streaming-flop,Original,Francise
Find Me Falling,7/19/2024,2024,7,Summer,93,Romantic comedy,Not Rated,0,0,6.3,13806,Streaming-flop,Non-Original,Non-Francise
House of Ga'a,7/26/2024,2024,7,Summer,120,Drama,R,0,0,4,505,Streaming-flop,Non-Original,Non-Francise
Non Negotiable,7/26/2024,2024,7,Summer,86,Action comedy,PG-13,0,0,5.4,1319,Streaming-flop,Non-Original,Non-Francise
Borderless Fog,8/1/2024,2024,8,Summer,111,Crime thriller,Not Rated,0,0,5.2,1434,Streaming-flop,Non-Original,Non-Francise
Saving Bikini Bottom: The Sandy Cheeks Movie,8/2/2024,2024,8,Summer,86,CGI animated comedy,G,0,0,3.6,4572,Streaming-flop,Non-Original,Non-Francise
Lolo and the Kid,8/7/2024,2024,8,Summer,97,Drama,Not Rated,0,0,6.4,987,Streaming-flop,Non-Original,Non-Francise
Mission: Cross,8/9/2024,2024,8,Summer,100,Crime comedy spy,R,0,0,6.1,2944,Streaming-hit,Non-Original,Non-Francise
Phir Aayi Hasseen Dillruba,8/9/2024,2024,8,Summer,132,Crime thriller,Not Rated,0,1,5.8,7341,Streaming-hit,Non-Original,Francise
The Union,8/16/2024,2024,8,Summer,109,Spy,PG-13,0,0,5.5,57722,Streaming-hit,Non-Original,Non-Francise
Nice Girls,8/21/2024,2024,8,Summer,92,Action comedy,R,0,0,4.3,1348,Streaming-flop,Non-Original,Non-Francise
Incoming,8/23/2024,2024,8,Summer,91,Comedy,R,0,0,5.8,16316,Streaming-flop,Non-Original,Non-Francise
Untamed Royals,8/28/2024,2024,8,Summer,99,Drama,R,0,0,4.6,735,Streaming-flop,Non-Original,Non-Francise
The Deliverance,8/30/2024,2024,8,Summer,112,Thriller,R,0,0,5.1,24984,Streaming-hit,Non-Original,Non-Francise
(Un)lucky Sisters,8/30/2024,2024,8,Summer,83,Comedy,PG-13,0,0,5.2,947,Streaming-flop,Non-Original,Non-Francise
Rebel Ridge,9/6/2024,2024,9,Fall/Autumn,131,Thriller,R,0,0,6.8,101102,Streaming-hit,Non-Original,Non-Francise
Boxer,9/11/2024,2024,9,Fall/Autumn,152,Sports drama,R,0,0,6.5,1540,Streaming-flop,Non-Original,Non-Francise
Technoboys,9/11/2024,2024,9,Fall/Autumn,110,Musical drama,Not Rated,0,0,5.3,1113,Streaming-flop,Non-Original,Non-Francise
Officer Black Belt,9/13/2024,2024,9,Fall/Autumn,109,Action comedy,R,0,0,6.9,10230,Streaming-hit,Non-Original,Non-Francise
Sector 36,9/13/2024,2024,9,Fall/Autumn,123,Crime thriller,R,0,0,7.1,26793,Streaming-flop,Non-Original,Non-Francise
Uglies,9/13/2024,2024,9,Fall/Autumn,102,Fantasy,PG-13,0,0,4.7,36545,Streaming-hit,Non-Original,Non-Francise
Divorce,9/25/2024,2024,9,Fall/Autumn,92,Drama,Not Rated,0,0,5.9,888,Streaming-flop,Non-Original,Non-Francise
A True Gentleman,9/26/2024,2024,9,Fall/Autumn,110,Drama,R,0,0,4.5,2762,Streaming-flop,Non-Original,Non-Francise
Rez Ball,9/27/2024,2024,9,Fall/Autumn,113,Sports drama,PG-13,0,0,6.4,2940,Streaming-flop,Non-Original,Non-Francise
Trouble,10/3/2024,2024,10,Fall/Autumn,98,Action comedy,R,1,1,6.2,7832,Streaming-hit,Original,Francise
CTRL,10/4/2024,2024,10,Fall/Autumn,99,Thriller,Not Rated,0,0,6.2,6816,Streaming-flop,Non-Original,Non-Francise
It's What's Inside,10/4/2024,2024,10,Fall/Autumn,104,Horror thriller,R,0,0,6.6,50368,Streaming-flop,Non-Original,Non-Francise
The Platform 2,10/4/2024,2024,10,Fall/Autumn,100,Science fiction,R,0,0,4.9,45972,Streaming-hit,Non-Original,Non-Francise
In Her Place,10/11/2024,2024,10,Fall/Autumn,95,Drama,PG-13,0,0,6.3,7346,Streaming-flop,Non-Original,Non-Francise
Lonely Planet,10/11/2024,2024,10,Fall/Autumn,96,Romantic drama,R,0,0,5.7,13205,Streaming-hit,Non-Original,Non-Francise
Uprising,10/11/2024,2024,10,Fall/Autumn,128,Historical thriller,R,0,0,6.6,7038,Streaming-hit,Non-Original,Non-Francise
Justice,10/16/2024,2024,10,Fall/Autumn,115,Crime drama,R,0,0,6.3,4534,Streaming-flop,Non-Original,Non-Francise
Outside,10/17/2024,2024,10,Fall/Autumn,142,Post-apocalyptic psychological thriller,NR,0,0,5.1,5323,Streaming-flop,Non-Original,Non-Francise
The Shadow Strays,10/17/2024,2024,10,Fall/Autumn,145,Action,NC-17,0,0,6.5,10893,Streaming-hit,Non-Original,Non-Francise
Happiness Is,10/18/2024,2024,10,Fall/Autumn,96,Comedy drama,R,0,0,3.9,331,Streaming-flop,Non-Original,Non-Francise
The Man Who Loved UFOs,10/18/2024,2024,10,Fall/Autumn,107,Comedy drama,R,0,0,5.3,685,Streaming-flop,Non-Original,Non-Francise
Family Pack,10/23/2024,2024,10,Fall/Autumn,95,Comedy,PG-13,0,0,5.5,11065,Streaming-hit,Non-Original,Non-Francise
Do Patti,10/25/2024,2024,10,Fall/Autumn,127,Mystery thriller,Not Rated,0,0,6.3,70477,Streaming-hit,Non-Original,Non-Francise
Don't Move,10/25/2024,2024,10,Fall/Autumn,92,Thriller horror,R,0,0,5.8,44751,Streaming-hit,Non-Original,Non-Francise
Time Cut,10/30/2024,2024,10,Fall/Autumn,91,Science fiction slasher,PG-13,0,0,5.1,22375,Streaming-flop,Non-Original,Non-Francise
Let Go,11/1/2024,2024,11,Fall/Autumn,110,Drama,Not Rated,0,0,7,7348,Streaming-hit,Non-Original,Non-Francise
Meet Me Next Christmas,11/6/2024,2024,11,Fall/Autumn,105,Romantic comedy,PG,0,0,5.7,9487,Streaming-flop,Non-Original,Non-Francise
Pedro Páramo,11/6/2024,2024,11,Fall/Autumn,132,Drama,R,0,0,6.3,3530,Streaming-flop,Non-Original,Non-Francise
10 Days of a Curious Man,11/7/2024,2024,11,Fall/Autumn,110,Drama,R,0,0,5.7,1531,Streaming-flop,Non-Original,Non-Francise
Umjolo: The Gone Girl,11/8/2024,2024,11,Fall/Autumn,93,Romantic comedy,R,0,0,4.4,312,Streaming-flop,Non-Original,Non-Francise
Vijay 69,11/8/2024,2024,11,Fall/Autumn,112,Comedy drama,PG-13,0,0,6.1,1296,Streaming-flop,Non-Original,Non-Francise
Hot Frosty,11/13/2024,2024,11,Fall/Autumn,92,Romantic comedy,PG,0,0,5.3,16262,Streaming-flop,Non-Original,Non-Francise
GTMAX,11/20/2024,2024,11,Fall/Autumn,100,Action,R,0,0,5,1455,Streaming-flop,Non-Original,Non-Francise
The Merry Gentlemen,11/20/2024,2024,11,Fall/Autumn,87,Romantic comedy,PG,0,0,4.8,11384,Streaming-flop,Non-Original,Non-Francise
Maybe Baby 2,11/21/2024,2024,11,Fall/Autumn,107,Comedy,Not Rated,0,0,5.7,653,Streaming-flop,Non-Original,Non-Francise
Joy,11/22/2024,2024,11,Fall/Autumn,115,Drama,PG-13,0,0,7.1,11556,Streaming-flop,Non-Original,Non-Francise
Spellbound,11/22/2024,2024,11,Fall/Autumn,110,CGI animated musical fantasy,PG,0,0,5.5,8848,Streaming-flop,Non-Original,Non-Francise
The Piano Lesson,11/22/2024,2024,11,Fall/Autumn,127,Drama,PG-13,0,0,6.2,5572,Streaming-flop,Non-Original,Non-Francise
Our Little Secret,11/27/2024,2024,11,Fall/Autumn,101,Romantic comedy,PG-13,0,0,5.7,26679,Streaming-hit,Non-Original,Non-Francise
Sikandar Ka Muqaddar,11/29/2024,2024,11,Fall/Autumn,143,Crime drama,R,0,0,6,26281,Streaming-hit,Non-Original,Non-Francise
The Snow Sister,11/29/2024,2024,11,Fall/Autumn,97,Holiday,PG,0,0,7,2616,Streaming-flop,Non-Original,Non-Francise
That Christmas,12/4/2024,2024,12,Winter,97,CGI-animated Christmas fantasy comedy-drama,PG,0,0,6.8,20392,Streaming-hit,Non-Original,Non-Francise
The Children's Train,12/4/2024,2024,12,Winter,106,Period drama,PG,0,0,7.4,9690,Streaming-hit,Non-Original,Non-Francise
Camp Crasher,12/6/2024,2024,12,Winter,95,Comedy,PG-13,0,0,5.5,977,Streaming-flop,Non-Original,Non-Francise
Mary,12/6/2024,2024,12,Winter,112,Period drama,PG-13,0,0,5.2,9053,Streaming-flop,Non-Original,Non-Francise
Carry-On,12/13/2024,2024,12,Winter,119,Action thriller,PG-13,0,0,6.5,190818,Streaming-hit,Non-Original,Non-Francise
Disaster Holiday,12/13/2024,2024,12,Winter,93,Comedy,PG,0,0,4.9,901,Streaming-flop,Non-Original,Non-Francise
Ferry 2,12/20/2024,2024,12,Winter,95,Crime drama,R,0,1,5.6,4266,Streaming-flop,Non-Original,Francise
The Six Triple Eight,12/20/2024,2024,12,Winter,129,Period drama,PG-13,0,0,6.7,31385,Streaming-hit,Non-Original,Non-Francise
Umjolo: Day Ones,12/20/2024,2024,12,Winter,86,Romantic comedy,R,0,0,4.3,174,Streaming-flop,Non-Original,Non-Francise
The Love Scam,1/1/2025,2025,1,Winter,101,Romantic comedy,R,0,0,6.1,1734,Streaming-flop,Non-Original,Non-Francise
Ad Vitam,1/10/2025,2025,1,Winter,98,Action thriller,R,0,0,5.9,11121,Streaming-hit,Non-Original,Non-Francise
Back in Action,1/17/2025,2025,1,Winter,114,Action comedy,PG-13,0,0,5.9,65650,Streaming-hit,Non-Original,Non-Francise
Lucca's World,1/31/2025,2025,1,Winter,96,Drama,PG-13,0,0,6.9,1784,Streaming-hit,Non-Original,Non-Francise
Kinda Pregnant,2/5/2025,2025,2,Winter,100,Comedy,R,0,0,4.9,18012,Streaming-flop,Non-Original,Non-Francise
The Witcher: Sirens of the Deep,2/11/2025,2025,2,Winter,91,Animation,R,0,0,6.1,11057,Streaming-flop,Non-Original,Non-Francise
Death Before the Wedding,2/12/2025,2025,2,Winter,106,Comedy,PG-13,0,0,4.8,696,Streaming-flop,Non-Original,Non-Francise
Honeymoon Crasher,2/12/2025,2025,2,Winter,95,Comedy,R,0,0,5.6,3624,Streaming-flop,Non-Original,Non-Francise
La Dolce Villa,2/13/2025,2025,2,Winter,99,Romantic comedy,PG,0,0,6,12445,Streaming-flop,Non-Original,Non-Francise
Dhoom Dhaam,2/14/2025,2025,2,Winter,108,Romantic comedy,R,0,0,6.4,8485,Streaming-flop,Non-Original,Non-Francise
Love Forever,2/14/2025,2025,2,Winter,96,Romantic comedy,R,0,0,5.2,1915,Streaming-flop,Non-Original,Non-Francise
The Most Beautiful Girl in the World,2/14/2025,2025,2,Winter,122,Romantic comedy,PG-13,0,0,6.2,1107,Streaming-flop,Non-Original,Non-Francise
Umjolo: There is No Cure,2/14/2025,2025,2,Winter,78,Romantic comedy,R,0,0,4.1,170,Streaming-flop,Non-Original,Non-Francise
A Copenhagen Love Story,2/26/2025,2025,2,Winter,105,Romance,R,0,0,6.3,2265,Streaming-flop,Non-Original,Non-Francise
Demon City,2/27/2025,2025,2,Winter,107,Revenge thriller,R,1,0,5.4,6246,Streaming-hit,Original,Non-Francise
The Wrong Track,2/27/2025,2025,2,Winter,94,Drama,Not Rated,0,0,6,1267,Streaming-flop,Non-Original,Non-Francise
Sosyal Climbers,2/27/2025,2025,2,Winter,103,Romantic comedy,R,0,0,5,389,Streaming-flop,Non-Original,Non-Francise
Squad 36,2/28/2025,2025,2,Winter,124,Crime thriller,R,0,0,5.5,3144,Streaming-hit,Non-Original,Non-Francise
Delicious,3/7/2025,2025,3,Spring,102,Drama,R,0,0,4.4,6230,Streaming-flop,Non-Original,Non-Francise
Nadaaniyan,3/7/2025,2025,3,Spring,119,Romantic comedy,PG-13,0,0,3,16024,Streaming-flop,Non-Original,Non-Francise
Plankton: The Movie,3/7/2025,2025,3,Spring,87,CGI animation musical comedy,G,0,0,5.3,4553,Streaming-hit,Non-Original,Non-Francise
The Electric State,3/14/2025,2025,3,Spring,128,Science fiction adventure,PG-13,0,0,5.9,82982,Streaming-hit,Non-Original,Non-Francise
Little Siberia,3/21/2025,2025,3,Spring,106,Comedy drama,R,0,0,5.2,1851,Streaming-flop,Non-Original,Non-Francise
Revelations,3/21/2025,2025,3,Spring,122,Thriller,R,0,0,6,5286,Streaming-flop,Non-Original,Non-Francise
The Life List,3/28/2025,2025,3,Spring,125,Romantic comedy,PG-13,0,0,6.8,39203,Streaming-hit,Non-Original,Non-Francise
Promised Hearts,3/31/2025,2025,3,Spring,109,Religious romantic drama,PG-13,0,0,5.2,374,Streaming-flop,Non-Original,Non-Francise
Banger,4/2/2025,2025,4,Spring,91,Comedy thriller,R,0,0,4.9,1360,Streaming-flop,Non-Original,Non-Francise
Test,4/4/2025,2025,4,Spring,145,Sports drama,PG-13,0,0,5.1,2765,Streaming-flop,Non-Original,Non-Francise
The Dad Quest,4/9/2025,2025,4,Spring,84,Drama,PG-13,0,0,5.5,628,Streaming-flop,Non-Original,Non-Francise
Frozen Hot Boys,4/10/2025,2025,4,Spring,118,Drama,Not Rated,0,0,6.2,484,Streaming-flop,Non-Original,Non-Francise
Meet the Khumalos,4/11/2025,2025,4,Spring,93,Comedy,PG-13,0,0,5.2,599,Streaming-flop,Non-Original,Non-Francise
iHostage,4/18/2025,2025,4,Spring,102,Crime thriller,R,0,0,5.7,13163,Streaming-hit,Non-Original,Non-Francise
Bullet Train Explosion,4/23/2025,2025,4,Spring,137,Action thriller,PG-13,1,1,6.2,9006,Streaming-hit,Original,Francise
Havoc,4/25/2025,2025,4,Spring,107,Action thriller,R,0,0,5.6,67561,Streaming-hit,Non-Original,Non-Francise
Exterritorial,4/30/2025,2025,4,Spring,109,Action thriller,R,0,0,5.8,17912,Streaming-hit,Non-Original,Non-Francise
The Biggest Fan,5/1/2025,2025,5,Spring,92,Comedy,R,0,0,4.4,436,Streaming-flop,Non-Original,Non-Francise
Last Bullet,5/7/2025,2025,5,Spring,112,Action-adventure,R,0,0,6.3,3901,Streaming-hit,Non-Original,Non-Francise
Nonnas,5/9/2025,2025,5,Spring,114,Comedy,PG,0,0,6.8,45450,Streaming-hit,Non-Original,Non-Francise
Fear Street: Prom Queen,5/23/2025,2025,5,Spring,90,Slasher,R,0,0,5.1,25493,Streaming-flop,Non-Original,Non-Francise
Off Track 2,5/23/2025,2025,5,Spring,97,Sports comedy drama,Not Rated,0,0,5.5,1124,Streaming-flop,Non-Original,Non-Francise
A Widow's Game,5/30/2025,2025,5,Spring,122,Crime thriller,R,0,0,6.2,8589,Streaming-hit,Non-Original,Non-Francise
Lost in Starlight,5/30/2025,2025,5,Spring,98,Animated romantic drama,PG,0,0,7,5495,Streaming-flop,Non-Original,Non-Francise
The Heart Knows,5/30/2025,2025,5,Spring,89,Drama,Not Rated,0,0,5.8,1131,Streaming-flop,Non-Original,Non-Francise
K.O.,6/6/2025,2025,6,Summer,86,Action,R,0,0,5.8,5099,Streaming-hit,Non-Original,Non-Francise
Straw,6/6/2025,2025,6,Summer,107,Drama,R,0,0,6.5,30466,Streaming-flop,Non-Original,Non-Francise
Our Times,6/11/2025,2025,6,Summer,90,Comedy,PG-13,0,0,5.4,2982,Streaming-flop,Non-Original,Non-Francise
KPop Demon Hunters,6/20/2025,2025,6,Summer,99,CGI animation musical fantasy,PG,0,0,7.5,122289,Streaming-hit,Non-Original,Non-Francise
Semi-Soeter,6/20/2025,2025,6,Summer,92,Comedy,PG,0,0,4.7,254,Streaming-flop,Non-Original,Non-Francise
The Old Guard 2,7/2/2025,2025,7,Summer,106,Superhero,R,0,0,5.1,44796,Streaming-hit,Non-Original,Non-Francise
Ziam,7/9/2025,2025,7,Summer,96,Horror,R,0,0,4.9,4641,Streaming-flop,Non-Original,Non-Francise
Brick,7/10/2025,2025,7,Summer,100,Thriller,R,0,0,5.5,25974,Streaming-hit,Non-Original,Non-Francise
Aap Jaisa Koi,7/11/2025,2025,7,Summer,115,Romantic comedy,PG-13,0,0,5.8,5858,Streaming-flop,Non-Original,Non-Francise
Almost Cops,7/11/2025,2025,7,Summer,97,Comedy,R,0,0,5,3348,Streaming-flop,Non-Original,Non-Francise
Madea's Destination Wedding,7/11/2025,2025,7,Summer,104,Comedy,PG-13,0,0,5.1,3528,Streaming-flop,Non-Original,Non-Francise
Almost Family,7/18/2025,2025,7,Summer,81,Comedy,PG,0,0,4.7,1246,Streaming-flop,Non-Original,Non-Francise
Wall to Wall,7/18/2025,2025,7,Summer,118,Suspense thriller,R,0,0,5.9,7940,Streaming-flop,Non-Original,Non-Francise
A Normal Woman,7/24/2025,2025,7,Summer,110,Psychological thriller,R,0,0,4.4,1271,Streaming-flop,Non-Original,Non-Francise
Happy Gilmore 2,7/25/2025,2025,7,Summer,117,Sports comedy,PG-13,0,1,6.1,115030,Streaming-hit,Non-Original,Francise
An Honest Life,7/31/2025,2025,7,Summer,122,Thriller,R,0,0,5.6,1661,Streaming-flop,Non-Original,Non-Francise
My Oxford Year,8/1/2025,2025,8,Summer,112,Coming-of-age romantic comedy,PG-13,0,0,5.9,27925,Streaming-hit,Non-Original,Non-Francise
Fixed,8/13/2025,2025,8,Summer,86,Adult animated romantic comedy,R,0,0,5.2,5048,Streaming-flop,Non-Original,Non-Francise
Night Always Comes,8/15/2025,2025,8,Summer,110,Crime drama,R,0,0,5.9,15259,Streaming-flop,Non-Original,Non-Francise
Fall for Me,8/21/2025,2025,8,Summer,105,Erotic thriller,R,0,0,4.8,5436,Streaming-hit,Non-Original,Non-Francise
Gold Rush Gang,8/21/2025,2025,8,Summer,120,Historical drama,R,0,0,4.1,357,Streaming-flop,Non-Original,Non-Francise
One Hit Wonder,8/21/2025,2025,8,Summer,112,Romantic comedy,Not Rated,0,0,4.7,154,Streaming-flop,Non-Original,Non-Francise
Abandoned Man,8/22/2025,2025,8,Summer,91,Drama,Not Rated,0,0,5.8,3833,Streaming-hit,Non-Original,Non-Francise
Fantasy Football Ruined Our Lives,8/27/2025,2025,8,Summer,98,Comedy,Not Rated,0,0,4.9,795,Streaming-flop,Non-Original,Non-Francise
Planet Single: Greek Adventure,8/27/2025,2025,8,Summer,100,Comedy,Not Rated,0,0,3.9,485,Streaming-flop,Non-Original,Non-Francise
The Thursday Murder Club,8/28/2025,2025,8,Summer,120,Mystery,PG-13,0,0,6.5,82620,Streaming-hit,Non-Original,Non-Francise
Love Untangled,8/29/2025,2025,8,Summer,121,Coming-of-age romance,PG,0,0,7.1,4483,Streaming-hit,Non-Original,Non-Francise
Inspector Zende,9/5/2025,2025,9,Fall/Autumn,112,Comedy,R,0,0,5.8,3108,Streaming-flop,Non-Original,Non-Francise
Kontrabida Academy,9/11/2025,2025,9,Fall/Autumn,108,Comedy,PG-13,0,0,5.9,430,Streaming-flop,Non-Original,Non-Francise
The Wrong Paris,9/12/2025,2025,9,Fall/Autumn,107,Romantic comedy,NR,0,0,6.1,13563,Streaming-hit,Non-Original,Non-Francise
Same Day with Someone,9/18/2025,2025,9,Fall/Autumn,119,Romantic comedy,PG-13,0,0,5.4,236,Streaming-flop,Non-Original,Non-Francise
She Said Maybe,9/19/2025,2025,9,Fall/Autumn,107,Romantic comedy,PG-13,0,0,4.9,1839,Streaming-flop,Non-Original,Non-Francise
French Lover,9/26/2025,2025,9,Fall/Autumn,122,Romantic comedy,R,0,0,6.2,6165,Streaming-hit,Non-Original,Non-Francise
Mantis,9/26/2025,2025,9,Fall/Autumn,113,Action,R,0,0,5.3,3789,Streaming-flop,Non-Original,Non-Francise
Ruth & Boaz,9/26/2025,2025,9,Fall/Autumn,93,Romance,Not Rated,0,0,6,2400,Streaming-flop,Non-Original,Non-Francise
Steve,10/3/2025,2025,10,Fall/Autumn,93,Drama,R,0,0,6.4,17836,Streaming-flop,Non-Original,Non-Francise
Caramelo,10/8/2025,2025,10,Fall/Autumn,101,Comedy,PG-13,0,0,7.1,8264,Streaming-hit,Non-Original,Non-Francise
Swim to Me,10/10/2025,2025,10,Fall/Autumn,103,Drama,Not Rated,0,0,5.5,423,Streaming-flop,Non-Original,Non-Francise
The Woman in Cabin 10,10/10/2025,2025,10,Fall/Autumn,95,Psychological thriller,R,0,0,5.8,66182,Streaming-hit,Non-Original,Non-Francise
Everybody Loves Me When I'm Dead,10/14/2025,2025,10,Fall/Autumn,128,Crime drama,R,0,0,5.9,506,Streaming-flop,Non-Original,Non-Francise
Inside Furioza,10/15/2025,2025,10,Fall/Autumn,167,Action,R,0,0,6.2,1932,Streaming-flop,Non-Original,Non-Francise
The Time That Remains,10/16/2025,2025,10,Fall/Autumn,117,Romantic drama,R,0,0,4.8,222,Streaming-flop,Non-Original,Non-Francise
27 Nights,10/17/2025,2025,10,Fall/Autumn,108,Drama,R,0,0,6.4,1525,Streaming-flop,Non-Original,Non-Francise
Good News,10/17/2025,2025,10,Fall/Autumn,138,Action thriller,R,0,0,6.6,3469,Streaming-flop,Non-Original,Non-Francise
She Walks in Darkness,10/17/2025,2025,10,Fall/Autumn,108,Political thriller,R,0,0,6.6,3449,Streaming-flop,Non-Original,Non-Francise
The Twits,10/17/2025,2025,10,Fall/Autumn,102,CGI animation comedy,PG,0,0,4.7,4031,Streaming-flop,Non-Original,Non-Francise
The Elixir,10/23/2025,2025,10,Fall/Autumn,117,Zombie thriller,R,0,0,5.3,6139,Streaming-flop,Non-Original,Non-Francise
A House of Dynamite,10/24/2025,2025,10,Fall/Autumn,115,Political thriller,R,0,0,6.4,111717,Streaming-flop,Non-Original,Non-Francise
Ballad of a Small Player,10/29/2025,2025,10,Fall/Autumn,102,Psychological thriller,R,0,0,5.9,23316,Streaming-flop,Non-Original,Non-Francise
Frankenstein,11/7/2025,2025,11,Fall/Autumn,152,Gothic science fiction,R,0,0,7.4,280653,Streaming-hit,Non-Original,Non-Francise
Mango,11/7/2025,2025,11,Fall/Autumn,96,Romance,Not Rated,0,0,5.7,2117,Streaming-flop,Non-Original,Non-Francise
A Merry Little Ex-Mas,11/12/2025,2025,11,Fall/Autumn,91,Christmas romantic comedy,PG,0,0,5.3,10652,Streaming-hit,Non-Original,Non-Francise
Tee Yai: Born to Be Bad,11/13/2025,2025,11,Fall/Autumn,117,Crime drama,R,0,0,5.2,340,Streaming-flop,Non-Original,Non-Francise
In Your Dreams,11/14/2025,2025,11,Fall/Autumn,91,CGI animation fantasy,PG,0,0,6.5,6774,Streaming-hit,Non-Original,Non-Francise
Lefter: The Story of the Ordinarius,11/14/2025,2025,11,Fall/Autumn,126,Drama,Not Rated,0,0,6.5,3353,Streaming-flop,Non-Original,Non-Francise
Champagne Problems,11/19/2025,2025,11,Fall/Autumn,99,Christmas romantic comedy,PG-13,0,0,6,12778,Streaming-flop,Non-Original,Non-Francise
The Son of a Thousand Men,11/19/2025,2025,11,Fall/Autumn,127,Drama,R,0,0,7.4,2170,Streaming-flop,Non-Original,Non-Francise
The Follies,11/20/2025,2025,11,Fall/Autumn,121,Anthology drama,Not Rated,0,0,6.4,501,Streaming-flop,Non-Original,Non-Francise
Train Dreams,11/21/2025,2025,11,Fall/Autumn,103,Drama,PG-13,0,0,7.5,83605,Streaming-flop,Non-Original,Non-Francise
Jingle Bell Heist,11/26/2025,2025,11,Fall/Autumn,96,Christmas romantic comedy,PG-13,0,0,5.8,14153,Streaming-flop,Non-Original,Non-Francise
Troll 2,12/1/2025,2025,12,Winter,104,Monster,PG-13,0,1,5.3,12401,Streaming-hit,Non-Original,Francise
My Secret Santa,12/3/2025,2025,12,Winter,92,Christmas romantic comedy,PG,0,0,5.6,9712,Streaming-hit,Non-Original,Non-Francise
I Wish You Had Told Me,12/4/2025,2025,12,Winter,103,Drama,Not Rated,0,0,5.6,169,Streaming-flop,Non-Original,Non-Francise
Jay Kelly,12/5/2025,2025,12,Winter,133,Comedy drama,R,0,0,6.5,36916,Streaming-flop,Non-Original,Non-Francise
Love and Wine,12/5/2025,2025,12,Winter,109,Romantic comedy,Not Rated,0,0,5.4,335,Streaming-flop,Non-Original,Non-Francise
Stephen,12/5/2025,2025,12,Winter,123,Crime drama,R,0,0,5.4,1533,Streaming-flop,Non-Original,Non-Francise
The Night My Dad Saved Christmas 2,12/5/2025,2025,12,Winter,94,Comedy,Not Rated,0,0,4.6,348,Streaming-flop,Non-Original,Non-Francise
Lost in the Spotlight,12/11/2025,2025,12,Winter,115,Comedy drama,Not Rated,0,0,5.7,253,Streaming-flop,Non-Original,Non-Francise
The Fakenapping,12/11/2025,2025,12,Winter,86,Comedy,PG-13,0,0,4.2,377,Streaming-flop,Non-Original,Non-Francise
A Time for Bravery,12/19/2025,2025,12,Winter,107,Comedy,R,0,0,6.2,1570,Streaming-flop,Non-Original,Non-Francise
The Great Flood,12/19/2025,2025,12,Winter,108,Dystopian action,R,0,0,5.4,22129,Streaming-hit,Non-Original,Non-Francise
Goodbye June,12/24/2025,2025,12,Winter,116,Drama,R,0,0,6.7,9280,Streaming-flop,Non-Original,Non-Francise
